curve,drug_M,mean_signal_pct,sd_signal_pct,n
G12C,1e-12,99.99968494034906,8.309343849213451e-05,9
G12C,1e-11,99.99800251663858,0.0008478665342531724,9
G12C,1e-10,99.98118017418135,0.009427930660306493,9
G12C,1e-09,99.81316880266296,0.09501803004330628,9
G12C,1e-08,98.15447508191573,0.9262091357163543,9
G12C,1e-07,83.9042406443643,6.727634816178477,9
G12C,1e-06,51.16149384991476,5.7749237727297045,9
G12C,1e-05,46.941865979592166,5.708766239308665,9
G12C,0.0001,46.58856703469237,5.737408557644088,9
G12C,0.001,46.55381399654994,5.740508715926446,9
G12C without intrinsic GTP hydrolysis,1e-12,100.00016341344832,0.00028352578478263506,9
G12C without intrinsic GTP hydrolysis,1e-11,99.99935916395981,0.0006640216404349478,9
G12C without intrinsic GTP hydrolysis,1e-10,99.9913196724369,0.004674123783269417,9
G12C without intrinsic GTP hydrolysis,1e-09,99.91122700492221,0.044732116487851234,9
G12C without intrinsic GTP hydrolysis,1e-08,99.13975006378232,0.4289781066338526,9
G12C without intrinsic GTP hydrolysis,1e-07,93.73339375049495,3.0464080140963383,9
G12C without intrinsic GTP hydrolysis,1e-06,85.86005752086537,6.756190833249032,9
G12C without intrinsic GTP hydrolysis,1e-05,84.40504003592413,7.419408682654845,9
G12C without intrinsic GTP hydrolysis,0.0001,84.25329565684727,7.487466204863825,9
G12C without intrinsic GTP hydrolysis,0.001,84.23806401269019,7.494285016700241,9
G12D,1e-12,99.98452710517321,0.01792403688931617,9
G12D,1e-11,99.98297186512289,0.017343121284322884,9
G12D,1e-10,99.96741890968639,0.013587725941646693,9
G12D,1e-09,99.81197931089028,0.08872903649691437,9
G12D,1e-08,98.26705489406001,0.9720386775725814,9
G12D,1e-07,84.25371863286102,8.077740554444569,9
G12D,1e-06,52.396572166557284,10.758609206857686,9
G12D,1e-05,49.39545284124064,10.936531579848166,9
G12D,0.0001,49.15218839826566,10.962003278486488,9
G12D,0.001,49.128292985606066,10.964584623002422,9
G12D without intrinsic GTP hydrolysis,1e-12,99.98985140031033,0.009868919427251103,9
G12D without intrinsic GTP hydrolysis,1e-11,99.98852407265838,0.009563479160022247,9
G12D without intrinsic GTP hydrolysis,1e-10,99.97525150399676,0.009885472921735713,9
G12D without intrinsic GTP hydrolysis,1e-09,99.84271779049776,0.08182532444216958,9
G12D without intrinsic GTP hydrolysis,1e-08,98.53699499133683,0.8368377432109475,9
G12D without intrinsic GTP hydrolysis,1e-07,87.69774225708963,6.71450898271398,9
G12D without intrinsic GTP hydrolysis,1e-06,69.11501632031668,13.862422762663238,9
G12D without intrinsic GTP hydrolysis,1e-05,67.15557381988253,14.574950818032598,9
G12D without intrinsic GTP hydrolysis,0.0001,66.97987611832956,14.637173313081696,9
G12D without intrinsic GTP hydrolysis,0.001,66.96248126760182,14.643313674413456,9
G12V,1e-12,99.99988706499916,4.154094336759881e-05,9
G12V,1e-11,99.99893334819348,0.00041336827543114285,9
G12V,1e-10,99.98939845369765,0.004143681238043862,9
G12V,1e-09,99.89430647034213,0.041285450207666705,9
G12V,1e-08,98.9686548450772,0.39689787003191795,9
G12V,1e-07,91.88613934878822,2.7526590666389,9
G12V,1e-06,79.15661405236726,6.0858775713556685,9
G12V,1e-05,76.79387037762464,6.644969487532609,9
G12V,0.0001,76.55564382647292,6.697564858655957,9
G12V,0.001,76.53181970183157,6.702787056216125,9
G12V without intrinsic GTP hydrolysis,1e-12,99.99993492588227,5.525808570271042e-05,9
G12V without intrinsic GTP hydrolysis,1e-11,99.99928210593674,0.00042219835381233434,9
G12V without intrinsic GTP hydrolysis,1e-10,99.99275610702352,0.00410322589894,9
G12V without intrinsic GTP hydrolysis,1e-09,99.92771967401707,0.0407884804812954,9
G12V without intrinsic GTP hydrolysis,1e-08,99.2991536535961,0.3952653119170332,9
G12V without intrinsic GTP hydrolysis,1e-07,94.74640469821298,2.9578553983688636,9
G12V without intrinsic GTP hydrolysis,1e-06,87.34401972236112,7.146953305199102,9
G12V without intrinsic GTP hydrolysis,1e-05,85.89229462583481,7.919387850669718,9
G12V without intrinsic GTP hydrolysis,0.0001,85.7407564593725,7.997199305397662,9
G12V without intrinsic GTP hydrolysis,0.001,85.72554571271341,8.004977250195434,9
