scenario,variant,K_I_M,mukhyd,cond,kcat_TCI,on_M,off_M,on_over_KD2,off_over_RAS,t_end_s,t_benefit_s,t_cost_s,benefit_capture_6h_pct,cost_wt_occupancy_24h_pct,mu_on_occupancy_24h_pct,mu_on_occupancy_6h_pct,cost_wt_occupancy_6h_pct,capture_24h_pct,mu_gtp_24h_pct,wt_gtp_24h_pct,t90_s,t90_h,cap_monotone_max_drop_pp,off_conservation_rel,wt_pool_conservation_rel,mu_pool_conservation_rel
cuevas_dmso,G12C,2.2e-07,3.25e-05,full,0.0001893,0.0,0.0,0.0,0.0,86399.99999999999,21600.0,86400.0,0.0,0.0,0.0,0.0,0.0,0.0,90.18389415596793,20.961369668661384,,,0.0,0.0,7.677559573472182e-13,6.343217983750642e-12
cuevas_dmso,G12C,2.2e-07,3.25e-05,full,0.0001893,1e-09,0.0,0.05555555555555556,0.0,86399.99999999999,21600.0,86400.0,0.0,0.010267160688238946,0.4086963401649104,0.40869634016591466,0.01026716068953786,0.0,90.16481926377499,20.93440897484476,,,0.0,0.0,1.8892805190711152e-12,8.154015606302726e-12
cuevas_dmso,G12C,2.2e-07,3.25e-05,full,0.0001893,1.4677992676220676e-09,0.0,0.08154440375678154,0.0,86399.99999999999,21600.0,86400.0,0.0,0.01508256480899755,0.599581804871618,0.5995818048918328,0.015082564805828196,0.0,90.15588943538508,20.921786389769064,,,0.0,0.0,1.0876961833929284e-11,2.1539253755288807e-11
cuevas_dmso,G12C,2.2e-07,3.25e-05,full,0.0001893,2.1544346900318866e-09,0.0,0.1196908161128826,0.0,86399.99999999999,21600.0,86400.0,0.0,0.02216498229888313,0.8794118982995907,0.879411898316806,0.022164982299540816,0.0,90.14277473325639,20.903247136660365,,,0.0,0.0,2.5245552295118405e-12,7.956683399372075e-12
cuevas_dmso,G12C,2.2e-07,3.25e-05,full,0.0001893,3.1622776601683795e-09,0.0,0.17568209223157666,0.0,86399.99999999999,21600.0,86400.0,0.0,0.032591545630014984,1.2893839821706392,1.2893839821801467,0.03259154562157093,0.0,90.12350906785903,20.87601022753502,,,0.0,0.0,1.190081290892292e-12,1.1544662024382088e-11
cuevas_dmso,G12C,2.2e-07,3.25e-05,full,0.0001893,4.641588833612773e-09,0.0,0.25786604631182075,0.0,86399.99999999999,21600.0,86400.0,0.0,0.04796253292926083,1.8894820059255206,1.889482005929042,0.04796253292861361,0.0,90.09519753528352,20.8359793992684,,,0.0,0.0,1.444985268456633e-12,3.655211865198323e-12
cuevas_dmso,G12C,2.2e-07,3.25e-05,full,0.0001893,6.812920690579622e-09,0.0,0.3784955939210901,0.0,86399.99999999999,21600.0,86400.0,0.0,0.07066847078680845,2.7666799558391624,2.7666799558805195,0.0706684707893881,0.0,90.0535726815658,20.7771136024375,,,0.0,0.0,1.2814020305181462e-12,1.911118087242515e-12
cuevas_dmso,G12C,2.2e-07,3.25e-05,full,0.0001893,1e-08,0.0,0.5555555555555556,0.0,86399.99999999999,21600.0,86400.0,0.0,0.10430824767732526,4.046254084238754,4.046254084137978,0.10430824766906935,0.0,89.99233588189296,20.690491335074412,,,0.0,0.0,1.6169064869696543e-12,4.824249681307266e-12
cuevas_dmso,G12C,2.2e-07,3.25e-05,full,0.0001893,1.4677992676220675e-08,0.0,0.8154440375678154,0.0,86399.99999999999,21600.0,86400.0,0.0,0.1543592023180052,5.906698736450764,5.906698735926425,0.15435920233857467,0.0,89.90218211549501,20.56292450681467,,,0.0,0.0,2.362427829451447e-12,5.1539307862464006e-12
cuevas_dmso,G12C,2.2e-07,3.25e-05,full,0.0001893,2.1544346900318822e-08,0.0,1.1969081611288235,0.0,86399.99999999999,21600.0,86400.0,0.0,0.2292818461521447,8.59760358453713,8.597603584623974,0.22928184612098987,0.0,89.7693778166694,20.374938358058607,,,0.0,0.0,1.1645379535766545e-12,5.765382695045599e-12
cuevas_dmso,G12C,2.2e-07,3.25e-05,full,0.0001893,3.162277660168379e-08,0.0,1.7568209223157663,0.0,86399.99999999999,21600.0,86400.0,0.0,0.3423959700359428,12.456038466958162,12.456038465775007,0.3423959699255989,0.0,89.57379299599869,20.09798972874155,,,0.0,0.0,1.5181742090553249e-12,8.298408254029982e-12
cuevas_dmso,G12C,2.2e-07,3.25e-05,full,0.0001893,4.641588833612773e-08,0.0,2.578660463118207,0.0,86399.99999999999,21600.0,86400.0,0.0,0.5151332858941094,17.905717879357375,17.90571787952482,0.5151332855922424,0.0,89.28664223898538,19.691343051763173,,,0.0,0.0,2.9398660714624646e-12,2.9668652466561954e-12
cuevas_dmso,G12C,2.2e-07,3.25e-05,full,0.0001893,6.812920690579608e-08,0.0,3.784955939210893,0.0,86399.99999999999,21600.0,86400.0,0.0,0.7825758826938648,25.39270514856836,25.392705148539793,0.7825758828981251,0.0,88.86986074021068,19.101600072490452,,,0.0,0.0,1.4295004473896403e-12,7.59391506993082e-12
cuevas_dmso,G12C,2.2e-07,3.25e-05,full,0.0001893,1e-07,0.0,5.555555555555555,0.0,86399.99999999999,21600.0,86400.0,0.0,1.2015420697900492,35.14525916035483,35.14525916972851,1.2015420697242734,0.0,88.28495472310199,18.277305318834372,,,0.0,0.0,1.202919133999115e-12,5.5249047473641824e-12
cuevas_dmso,G12C,2.2e-07,3.25e-05,full,0.0001893,1.4677992676220674e-07,0.0,8.154440375678153,0.0,86399.99999999999,21600.0,86400.0,0.0,1.8553869689604985,46.613946461853175,46.613946460749034,1.8553869693624032,0.0,87.53071773357131,17.232135656597794,,,0.0,0.0,2.6021116837448123e-12,3.898469139737917e-12
cuevas_dmso,G12C,2.2e-07,3.25e-05,full,0.0001893,2.1544346900318822e-07,0.0,11.969081611288235,0.0,86399.99999999999,21600.0,86400.0,0.0,2.834547300304669,57.961224722377075,57.961224722665605,2.834547300575553,0.0,86.70841699282175,16.16886672115024,,,0.0,0.0,1.5503349912713866e-12,1.926338210513491e-12
cuevas_dmso,G12C,2.2e-07,3.25e-05,full,0.0001893,3.162277660168379e-07,0.0,17.568209223157663,0.0,86399.99999999999,21600.0,86400.0,0.0,4.192368913223195,67.04611454160373,67.04611454853993,4.192368912825572,0.0,85.993948820542,15.472578818415107,,,0.0,0.0,9.948666663297774e-13,1.0957165266122426e-12
cuevas_dmso,G12C,2.2e-07,3.25e-05,full,0.0001893,4.6415888336127725e-07,0.0,25.786604631182072,0.0,86399.99999999999,21600.0,86400.0,0.0,5.950065798615983,73.24755283019518,73.24755283243917,5.950065798963944,0.0,85.47998746686471,15.436416833663605,,,0.0,0.0,5.458068553869898e-13,6.258779386821229e-13
cuevas_dmso,G12C,2.2e-07,3.25e-05,full,0.0001893,6.812920690579608e-07,0.0,37.84955939210894,0.0,86399.99999999999,21600.0,86400.0,0.0,8.141608034561918,77.21234148652835,77.21234151306066,8.141608038674502,0.0,85.14516257762963,16.14255343076375,,,0.0,0.0,1.8715457667379783e-12,3.878352107240628e-12
cuevas_dmso,G12C,2.2e-07,3.25e-05,full,0.0001893,1e-06,0.0,55.55555555555556,0.0,86399.99999999999,21600.0,86400.0,0.0,10.817700536202777,79.73233612757753,79.73233613850597,10.81770053744466,0.0,84.93637460245215,17.58071724286472,,,0.0,0.0,3.742562137883923e-12,3.098949446868663e-12
cuevas_dmso,G12C,2.2e-07,3.25e-05,full,0.0001893,1.4677992676220675e-06,0.0,81.54440375678153,0.0,86399.99999999999,21600.0,86400.0,0.0,14.027607654985543,81.35941100759767,81.35941099831494,14.027607660333215,0.0,84.81096156329586,19.73407618311747,,,0.0,0.0,2.33860502780992e-13,9.245894014872722e-13
cuevas_dmso,G12C,2.2e-07,3.25e-05,full,0.0001893,2.1544346900318822e-06,0.0,119.69081611288236,0.0,86399.99999999999,21600.0,86400.0,0.0,17.808004454554762,82.43184194048172,82.43184193928498,17.808004452865863,0.0,84.74099123836561,22.59599170739897,,,0.0,0.0,1.7602403435128429e-12,1.3874134978229423e-12
cuevas_dmso,G12C,2.2e-07,3.25e-05,full,0.0001893,3.162277660168379e-06,0.0,175.68209223157663,0.0,86399.99999999999,21600.0,86400.0,0.0,22.178357878447002,83.15385895350259,83.15385896042196,22.17835787884615,0.0,84.70891615255458,26.162524226557405,,,0.0,0.0,1.399311663753905e-11,5.7373247286678e-13
cuevas_dmso,G12C,2.2e-07,3.25e-05,full,0.0001893,4.641588833612773e-06,0.0,257.8660463118207,0.0,86399.99999999999,21600.0,86400.0,0.0,27.13354243711292,83.65064889535553,83.65064890508056,27.13354243792443,0.0,84.7035720490884,30.41693035389516,,,0.0,0.0,1.299930876239334e-12,3.239901023247699e-13
cuevas_dmso,G12C,2.2e-07,3.25e-05,full,0.0001893,6.8129206905796085e-06,0.0,378.4955939210894,0.0,86399.99999999999,21600.0,86400.0,0.0,32.605709705264346,83.99932798453973,83.99932799154222,32.605709702193025,0.0,84.71740200599605,35.287412502703084,,,0.0,0.0,1.966836973304087e-12,5.165577489271147e-13
cuevas_dmso,G12C,2.2e-07,3.25e-05,full,0.0001893,9.999999999999999e-06,0.0,555.5555555555555,0.0,86399.99999999999,21600.0,86400.0,0.0,37.76510148340948,84.22445138321656,84.22445146327905,37.765101502644164,0.0,84.74093206246542,39.994673338245306,,,0.0,0.0,9.255820182223358e-12,8.650323973834542e-13
cuevas_dmso,G12C,2.2e-07,3.25e-05,full,0.0001893,0.0,1e-07,0.0,0.5,86399.99999999999,21600.0,86400.0,43.56792768304226,0.0,0.0,0.0,0.0,49.9769286235873,45.6602094044905,16.77789076009333,,,1.6281434417035524e-21,1.0587911840678754e-15,2.0977300334344782e-13,1.339238498947854e-12
cuevas_dmso,G12C,2.2e-07,3.25e-05,full,0.0001893,1e-09,1e-07,0.05555555555555556,0.5,86399.99999999999,21600.0,86400.0,43.60838170210004,0.01297206674623154,0.33105862520182183,0.34691698479978567,0.012558485491568905,49.97769992826113,45.637191442332984,16.7425621178129,,,1.6281434417035645e-21,2.3822801641527197e-15,2.0038946647464627e-12,2.020041230303498e-12
cuevas_dmso,G12C,2.2e-07,3.25e-05,full,0.0001893,1.4677992676220676e-09,1e-07,0.08154440375678154,0.5,86399.99999999999,21600.0,86400.0,43.62722398254892,0.019055503234105108,0.48522736356000173,0.5085218931819243,0.01845027734130933,49.978051299776745,45.62645858148778,16.72607112223682,,,1.6281434417035524e-21,1.7205356741102976e-15,5.250148435098569e-12,6.692751423391049e-12
cuevas_dmso,G12C,2.2e-07,3.25e-05,full,0.0001893,2.1544346900318866e-09,1e-07,0.1196908161128826,0.5,86399.99999999999,21600.0,86400.0,43.65478399887151,0.028002111774563167,0.7107043989271457,0.7449330883015028,0.02711772346570199,49.97855641276657,45.610745473672345,16.701907820672353,,,1.6281434417035645e-21,1.3234889800848443e-15,7.842995695982787e-13,1.2636672781850093e-12
cuevas_dmso,G12C,2.2e-07,3.25e-05,full,0.0001893,3.1622776601683795e-09,1e-07,0.17568209223157666,0.5,86399.99999999999,21600.0,86400.0,43.69502850980294,0.04117107930895708,1.0399035572460502,1.0902208766365136,0.03988158124594901,49.979275437588264,45.587769823310026,16.666533794162152,,,1.6281434417035645e-21,1.0587911840678754e-15,1.2941075247269607e-12,2.6919765854925733e-12
cuevas_dmso,G12C,2.2e-07,3.25e-05,full,0.0001893,4.641588833612773e-09,1e-07,0.25786604631182075,0.5,86399.99999999999,21600.0,86400.0,43.753649631895414,0.06057976526749901,1.5192972202955206,1.593307348704718,0.05870580275589172,49.9802845247606,45.554237517770815,16.614818211571627,,,1.6281434417035524e-21,2.3822801641527197e-15,1.5869956360197368e-12,1.917073787652897e-12
cuevas_dmso,G12C,2.2e-07,3.25e-05,full,0.0001893,6.812920690579622e-09,1e-07,0.3784955939210901,0.5,86399.99999999999,21600.0,86400.0,43.83871244334832,0.08923622190924294,2.2146883279621217,2.323619747769202,0.08652671062487038,49.98167123981262,45.50543686248205,16.539374735148495,,,1.6281434417035645e-21,1.3234889800848443e-15,2.7594745234769003e-12,5.43953970814871e-12
cuevas_dmso,G12C,2.2e-07,3.25e-05,full,0.0001893,1e-08,1e-07,0.5555555555555556,0.5,86399.99999999999,21600.0,86400.0,43.9614265184876,0.13165292756859123,3.2173879274661985,3.377815008842957,0.1277664248124086,49.98351907129813,45.43472646674761,16.429702565222065,,,1.6281434417035645e-21,1.7205356741102976e-15,2.374206881374202e-12,1.8853100521308607e-12
cuevas_dmso,G12C,2.2e-07,3.25e-05,full,0.0001893,1.4677992676220675e-08,1e-07,0.8154440375678154,0.5,86399.99999999999,21600.0,86400.0,44.13685488818062,0.1946493006363493,4.649837075671313,4.886121352588833,0.18914538959869376,49.9858728770307,45.33297671335028,16.271212643415492,,,1.6281434417035645e-21,1.0587911840678754e-15,3.3097812413961786e-12,4.685548036194374e-12
cuevas_dmso,G12C,2.2e-07,3.25e-05,full,0.0001893,2.1544346900318822e-08,1e-07,1.1969081611288235,0.5,86399.99999999999,21600.0,86400.0,44.384019228067224,0.2886097996466462,6.666313082929618,7.013743807705183,0.2809784003940798,49.988681098925575,45.188202267045206,16.04453441042488,,,1.6281434417035765e-21,2.2499312661442353e-15,1.3131657660401825e-12,3.5249805495579743e-12
cuevas_dmso,G12C,2.2e-07,3.25e-05,full,0.0001893,3.162277660168379e-08,1e-07,1.7568209223157663,0.5,86399.99999999999,21600.0,86400.0,44.72407319664745,0.4294174727155046,9.43801735851491,9.945680289091525,0.41921083609040405,49.99172990577365,44.986079619411356,15.726383497755904,,,1.6281434417035524e-21,1.7205356741102976e-15,1.7651372527391568e-12,2.885603023278986e-12
cuevas_dmso,G12C,2.2e-07,3.25e-05,full,0.0001893,4.641588833612773e-08,1e-07,2.578660463118207,0.5,86399.99999999999,21600.0,86400.0,45.173677072493604,0.641190375075209,13.101015996014192,13.830279126877816,0.6283734854706858,49.99462994682835,44.71301802386312,15.295388655380012,,,1.6281434417035524e-21,2.3822801641527197e-15,2.3720892990060664e-12,2.3138557838823333e-12
cuevas_dmso,G12C,2.2e-07,3.25e-05,full,0.0001893,6.812920690579608e-08,1e-07,3.784955939210893,0.5,86399.99999999999,21600.0,86400.0,45.729635779584584,0.9592635767818916,17.640020358677972,18.647881055465845,0.9448511907414753,49.9969437349938,44.36461784602004,14.749616993342194,,,1.6281434417035524e-21,1.9852334701272664e-15,2.8084436157400396e-13,1.1867725684420799e-12
cuevas_dmso,G12C,2.2e-07,3.25e-05,full,0.0001893,1e-07,1e-07,5.555555555555555,0.5,86399.99999999999,21600.0,86400.0,46.34653227023712,1.4310491156087184,22.730219104675477,24.026824483906246,1.41757763775634,49.998439480138195,43.95994091885866,14.14052019127753,,,1.6281434417035524e-21,1.9852334701272664e-15,9.084428359302371e-13,1.8014008507934815e-12
cuevas_dmso,G12C,2.2e-07,3.25e-05,full,0.0001893,1.4677992676220674e-07,1e-07,8.154440375678153,0.5,86399.99999999999,21600.0,86400.0,46.93248133056718,2.1116755675777554,27.72008110722691,29.23211260454453,2.1022483513255654,49.999226549029565,43.54844925751045,13.601451727091996,,,1.6281434417035645e-21,1.852884572118782e-15,5.586446984938128e-13,3.578714202149419e-13
cuevas_dmso,G12C,2.2e-07,3.25e-05,full,0.0001893,2.1544346900318822e-07,1e-07,11.969081611288235,0.5,86399.99999999999,21600.0,86400.0,47.398158482392596,3.057960214979104,31.957791874712406,33.57006170312944,3.054125593544375,49.99958692868153,43.18768043337049,13.316340080350244,,,1.6281434417035524e-21,2.779326858178173e-15,5.821498627801196e-12,4.6937536678709e-12
cuevas_dmso,G12C,2.2e-07,3.25e-05,full,0.0001893,3.162277660168379e-07,1e-07,17.568209223157663,0.5,86399.99999999999,21600.0,86400.0,47.71754485083113,4.32948570186899,35.168488882266224,36.80092503730552,4.330748178614297,49.99974671164436,42.90837402394313,13.439491762801746,,,1.6281434417035524e-21,1.5881867761018131e-15,3.288870115510838e-13,3.681946342596037e-13
cuevas_dmso,G12C,2.2e-07,3.25e-05,full,0.0001893,4.6415888336127725e-07,1e-07,25.786604631182072,0.5,86399.99999999999,21600.0,86400.0,47.919863724516226,5.9920398553398995,37.441911267067546,39.063401754029286,5.997014645763792,49.99982118422671,42.70914276859489,14.060962001658753,,,1.6281434417035404e-21,1.0587911840678754e-15,9.735584937504115e-13,1.415471464200741e-12
cuevas_dmso,G12C,2.2e-07,3.25e-05,full,0.0001893,6.812920690579608e-07,1e-07,37.84955939210894,0.5,86399.99999999999,21600.0,86400.0,48.04491284758443,8.113254550724733,39.00314040549968,40.60815995807294,8.120515965761486,49.999858668422554,42.573930121755396,15.230150760826826,,,1.6281434417035645e-21,4.235164736271502e-15,2.5543337315637495e-13,4.5250088229100826e-13
cuevas_dmso,G12C,2.2e-07,3.25e-05,full,0.0001893,1e-06,1e-07,55.55555555555556,0.5,86399.99999999999,21600.0,86400.0,48.121776549452996,10.753180732892933,40.06504797912068,41.65680383806436,10.761519871496965,49.999878861345394,42.48562330618867,16.982942658427007,,,1.6281434417035645e-21,1.3234889800848443e-15,3.5562148894879766e-13,3.707092633217649e-13
cuevas_dmso,G12C,2.2e-07,3.25e-05,full,0.0001893,1.4677992676220675e-06,1e-07,81.54440375678153,0.5,86399.99999999999,21600.0,86400.0,48.16834308994258,13.957074676577514,40.78782744235688,42.371496309493544,13.965542459369432,49.999889847729335,42.43068772890466,19.351698035229642,,,1.6281434417035524e-21,2.514629062161204e-15,4.899556204274094e-13,1.7522994096323338e-12
cuevas_dmso,G12C,2.2e-07,3.25e-05,full,0.0001893,2.1544346900318822e-06,1e-07,119.69081611288236,0.5,86399.99999999999,21600.0,86400.0,48.195250885138286,17.752921397536593,41.28275953046229,42.8633453540276,17.76083073562135,49.999895663892175,42.39945691027032,22.364313166199278,,,1.6281434417035404e-21,2.9116757561866574e-15,2.4708215769203958e-12,7.508152984021322e-13
cuevas_dmso,G12C,2.2e-07,3.25e-05,full,0.0001893,3.162277660168379e-06,1e-07,175.68209223157663,0.5,86399.99999999999,21600.0,86400.0,48.20891443657113,22.15094865510124,41.625030625918804,43.20684919860105,22.157863753690826,49.99989830641712,42.385265630614725,26.038499042884673,,,1.4626727810034763e-21,2.779326858178173e-15,5.933201097720357e-13,8.120928381800605e-13
cuevas_dmso,G12C,2.2e-07,3.25e-05,full,0.0001893,4.641588833612773e-06,1e-07,257.8660463118207,0.5,86399.99999999999,21600.0,86400.0,48.21332168272167,27.138077926572564,41.86494399665145,43.45159924472473,27.143787587825802,49.99989880463264,42.383525852957604,30.370552807145526,,,1.4451680867417426e-21,2.117582368135751e-15,2.0032329202564203e-12,1.6845367738519898e-12
cuevas_dmso,G12C,2.2e-07,3.25e-05,full,0.0001893,6.8129206905796085e-06,1e-07,378.4955939210894,0.5,86399.99999999999,21600.0,86400.0,48.21110482590901,32.64015528017087,42.03546540593616,43.62987453439475,32.644645515677595,49.99989775586565,42.39092053010516,35.29607745046183,,,1.73391362325245e-21,3.970466940254533e-15,6.656620174234733e-12,1.5709814193607102e-12
cuevas_dmso,G12C,2.2e-07,3.25e-05,full,0.0001893,9.999999999999999e-06,1e-07,555.5555555555555,0.5,86399.99999999999,21600.0,86400.0,48.20521157766365,37.819687949093016,42.14642213438833,43.74954259682175,37.823259083957694,49.99989580007005,42.4029057878854,40.035760604948095,,,1.3279096219011357e-21,3.3087224502121107e-15,1.5535113648235902e-12,6.804056846616184e-13
cuevas_dmso,G12C,2.2e-07,3.25e-05,full,0.0001893,0.0,2e-07,0.0,1.0,86399.99999999999,21600.0,86400.0,66.50013040529583,0.0,0.0,0.0,0.0,90.91013341444764,8.42896379345889,10.733416802263411,78870.62265916984,21.908506294213844,3.256286873636814e-21,2.514629062161204e-15,1.520688838117486e-13,1.5860691937336774e-12
cuevas_dmso,G12C,2.2e-07,3.25e-05,full,0.0001893,1e-09,2e-07,0.05555555555555556,1.0,86399.99999999999,21600.0,86400.0,66.62024235914133,0.015884414648123693,0.11677316177927552,0.2786740661539736,0.014206101197414393,91.00750781578914,8.328695568699382,10.693290137009138,78100.52682660564,21.694590785168234,3.256286873636814e-21,1.1911400820763599e-15,1.2656525116551366e-12,1.8861041455189116e-12
cuevas_dmso,G12C,2.2e-07,3.25e-05,full,0.0001893,1.4677992676220676e-09,2e-07,0.08154440375678154,1.0,86399.99999999999,21600.0,86400.0,66.67620168210321,0.023315646889345242,0.1697554255320771,0.4077808826270244,0.020871504756729043,91.05207720789096,8.282830382862862,10.675053793028116,77748.23281461738,21.596731337393717,3.256286873636814e-21,3.705769144237564e-15,2.933645673256066e-12,3.041377676234972e-12
cuevas_dmso,G12C,2.2e-07,3.25e-05,full,0.0001893,2.1544346900318866e-09,2e-07,0.1196908161128826,1.0,86399.99999999999,21600.0,86400.0,66.7580682189331,0.03422319674763761,0.24567725325766518,0.5958289076668135,0.03067749834701758,91.11638862171247,8.216682278415504,10.648892308470575,77248.2817486827,21.45785604130075,3.256286873636814e-21,1.3234889800848443e-15,4.723532169922809e-13,1.3631936494873896e-12
cuevas_dmso,G12C,2.2e-07,3.25e-05,full,0.0001893,3.1622776601683795e-09,2e-07,0.17568209223157666,1.0,86399.99999999999,21600.0,86400.0,66.8776455614164,0.05023205200500654,0.35325147189573336,0.8687032871131553,0.04511849843553641,91.20844504471187,8.122066341720284,10.611774285827861,76530.8190801376,21.258560855593778,3.256286873636814e-21,1.1911400820763599e-15,2.030761491042185e-12,2.259195689004829e-12
cuevas_dmso,G12C,2.2e-07,3.25e-05,full,0.0001893,4.641588833612773e-09,2e-07,0.25786604631182075,1.0,86399.99999999999,21600.0,86400.0,67.05186598866074,0.07372357760531546,0.5031733387384488,1.2624365602769958,0.06641548747751805,91.33867428252518,7.988360966281734,10.559977650753682,75524.91442077557,20.979142894659883,3.256286873636814e-21,1.4558378780933287e-15,1.6378176128549948e-12,2.404779476814162e-12
cuevas_dmso,G12C,2.2e-07,3.25e-05,full,0.0001893,6.812920690579622e-09,2e-07,0.3784955939210901,1.0,86399.99999999999,21600.0,86400.0,67.30473225236385,0.1081807766829412,0.7071151997621945,1.8256738310799303,0.09788383636322694,91.51977304457729,7.802725018935264,10.489487120180561,74135.5284213384,20.593202339260667,3.256286873636814e-21,1.852884572118782e-15,4.831131824003707e-12,2.8363692332198298e-12
cuevas_dmso,G12C,2.2e-07,3.25e-05,full,0.0001893,1e-08,2e-07,0.5555555555555556,1.0,86399.99999999999,21600.0,86400.0,67.66950623884327,0.15867903030120487,0.9749536980225896,2.6206694349874606,0.14449668305825167,91.76540995037207,7.551522736199534,10.397163370973727,72269.61933417333,20.07489425949259,3.25628687363679e-21,1.9852334701272664e-15,5.736795333075766e-12,6.08924044847236e-12
cuevas_dmso,G12C,2.2e-07,3.25e-05,full,0.0001893,1.4677992676220675e-08,2e-07,0.8154440375678154,1.0,86399.99999999999,21600.0,86400.0,68.19052452855729,0.2325667974708485,1.3094585891395867,3.719300177907948,0.21374213534103767,92.08689158651065,7.223866553470675,10.283222182274512,69844.08737918748,19.401135383107633,3.25628687363679e-21,2.2499312661442353e-15,5.95914148173002e-12,3.928644688483852e-12
cuevas_dmso,G12C,2.2e-07,3.25e-05,full,0.0001893,2.1544346900318822e-08,2e-07,1.1969081611288235,1.0,86399.99999999999,21600.0,86400.0,68.92253790614672,0.3403806827055997,1.6991037332854872,5.186719246892425,0.31688140197633125,92.4871767111236,6.817820691308054,10.155299626066501,66837.97824245683,18.566105067349117,3.256286873636814e-21,1.852884572118782e-15,4.3463378105986286e-13,7.318894059869189e-13
cuevas_dmso,G12C,2.2e-07,3.25e-05,full,0.0001893,3.162277660168379e-08,2e-07,1.7568209223157663,1.0,86399.99999999999,21600.0,86400.0,69.92261800604409,0.4970429532369982,2.1133488142830923,7.041028840397726,0.47060688686464874,92.95350463946895,6.347745213254639,10.033076078634895,63312.409077940516,17.58678029942792,3.256286873636814e-21,1.852884572118782e-15,4.617653051516022e-13,9.43382945004477e-13
cuevas_dmso,G12C,2.2e-07,3.25e-05,full,0.0001893,4.641588833612773e-08,2e-07,2.578660463118207,1.0,86399.99999999999,21600.0,86400.0,71.22566770341358,0.7234118817094848,2.5080552777843703,9.184280217935326,0.6986746170387991,93.45359340264795,5.84748670658307,9.950260792857229,59452.87661133273,16.514687947592424,3.25628687363679e-21,3.441071348220595e-15,4.675886566639755e-13,1.2978132938711983e-12
cuevas_dmso,G12C,2.2e-07,3.25e-05,full,0.0001893,6.812920690579608e-08,2e-07,3.784955939210893,1.0,86399.99999999999,21600.0,86400.0,72.79754141073937,1.0482408708066349,2.843306262036846,11.349311285173568,1.0324613844491197,93.94180199181068,5.363152447278495,9.950782225238614,55545.29550898571,15.429248752496031,3.25628687363679e-21,1.7205356741102976e-15,9.18236654382865e-13,5.346895479542771e-13
cuevas_dmso,G12C,2.2e-07,3.25e-05,full,0.0001893,1e-07,2e-07,5.555555555555555,1.0,86399.99999999999,21600.0,86400.0,74.49080177581857,1.5103757140598373,3.1011321575095407,13.18484189000845,1.5103049508958524,94.37481382911363,4.936875384566945,10.081383776527032,51921.58545117102,14.422662625325284,3.25628687363679e-21,2.117582368135751e-15,1.5811722845073635e-12,1.2296536113968288e-12
cuevas_dmso,G12C,2.2e-07,3.25e-05,full,0.0001893,1.4677992676220674e-07,2e-07,8.154440375678153,1.0,86399.99999999999,21600.0,86400.0,76.0743568769548,2.1605532389843467,3.2874739712216505,14.493572273310464,2.1787013313986066,94.72622609977567,4.592911409091322,10.38770116842288,48847.0025428867,13.568611817468527,3.256286873636814e-21,2.6469779601696886e-15,8.926933170672275e-13,9.657499087679109e-13
cuevas_dmso,G12C,2.2e-07,3.25e-05,full,0.0001893,2.1544346900318822e-07,2e-07,11.969081611288235,1.0,86399.99999999999,21600.0,86400.0,77.35610295137859,3.061759368431712,3.4200279799956768,15.33742922345888,3.0961907352055125,94.99072280297126,4.334756791346243,10.91681258374145,46464.31448691791,12.906754024143863,3.256286873636838e-21,1.3234889800848443e-15,2.622228716242102e-12,1.9674987177941295e-12
cuevas_dmso,G12C,2.2e-07,3.25e-05,full,0.0001893,3.162277660168379e-07,2e-07,17.568209223157663,1.0,86399.99999999999,21600.0,86400.0,78.28006302434565,4.2870013590789435,3.5156674321641384,15.883671119502269,4.333637488366155,95.1788489123471,4.151147687526315,11.722103742880496,44749.20861150324,12.430335725417567,3.256286873636814e-21,2.117582368135751e-15,3.2610768469290563e-13,2.7250638099946944e-13
cuevas_dmso,G12C,2.2e-07,3.25e-05,full,0.0001893,4.6415888336127725e-07,2e-07,25.786604631182072,1.0,86399.99999999999,21600.0,86400.0,78.90255921551015,5.913759792105977,3.585765835448243,16.25573426469835,5.967947519752216,95.30796300317122,4.024938297707253,12.865400396505862,43575.43659830352,12.1042879439732,3.256286873636814e-21,3.1763735522036263e-15,5.068962793724954e-13,3.9241448259515633e-13
cuevas_dmso,G12C,2.2e-07,3.25e-05,full,0.0001893,6.812920690579608e-07,2e-07,37.84955939210894,1.0,86399.99999999999,21600.0,86400.0,79.31033094887425,8.015678616807092,3.6376177442386224,16.518591001427193,8.072650397527063,95.39462649722985,3.9400802129201264,14.41467329174505,42792.86937714292,11.886908160317477,3.256286873636778e-21,4.102815838263017e-15,3.5495974445875524e-13,1.563040485480201e-13
cuevas_dmso,G12C,2.2e-07,3.25e-05,full,0.0001893,1e-06,2e-07,55.55555555555556,1.0,86399.99999999999,21600.0,86400.0,79.57407912329484,10.653936245906818,3.676458255042628,16.708186794566906,10.709041855438631,95.45155107897118,3.884289519224397,16.43855844938873,42278.79300281253,11.744109167447924,3.256286873636838e-21,2.6469779601696886e-15,2.7535188230665185e-12,2.201756267269147e-12
cuevas_dmso,G12C,2.2e-07,3.25e-05,full,0.0001893,1.4677992676220675e-06,2e-07,81.54440375678153,1.0,86399.99999999999,21600.0,86400.0,79.74187018690611,13.871595524910838,3.70629166499138,16.84789990419906,13.920694372022284,95.48768635075145,3.8488920015850323,18.9999793872641,41954.79430649732,11.65410952958259,3.256286873636838e-21,1.5881867761018131e-15,4.920732027955451e-13,1.2017279939170386e-12
cuevas_dmso,G12C,2.2e-07,3.25e-05,full,0.0001893,2.1544346900318822e-06,2e-07,119.69081611288236,1.0,86399.99999999999,21600.0,86400.0,79.84486557818661,17.692376866315296,3.7301585705675224,16.954166379444445,17.732319332217052,95.50915772182424,3.827925694293389,22.150357486896187,41757.38629688203,11.59927397135612,3.256286873636814e-21,3.044024654195142e-15,1.8964273595635734e-12,9.51588576681003e-13
cuevas_dmso,G12C,2.2e-07,3.25e-05,full,0.0001893,3.162277660168379e-06,2e-07,175.68209223157663,1.0,86399.99999999999,21600.0,86400.0,79.90322300828156,22.12134717533511,3.7502985590565308,17.038662413446975,22.150322004033942,95.52013293633249,3.817318338651542,25.92387211090977,41650.163167302446,11.569489768695124,2.925345552888806e-21,1.0587911840678754e-15,8.431948292120543e-13,2.5900679340260403e-13
cuevas_dmso,G12C,2.2e-07,3.25e-05,full,0.0001893,4.641588833612773e-06,2e-07,257.8660463118207,1.0,86399.99999999999,21600.0,86400.0,79.93017664565645,27.14042795629731,3.768290063762222,17.109512001242287,27.158044386599,95.52346899018777,3.8142692017385356,30.32767597805598,41608.05551556654,11.557793198768485,2.8903361644320238e-21,4.7645603283054394e-15,1.2276683779267016e-12,7.730499132675575e-13
cuevas_dmso,G12C,2.2e-07,3.25e-05,full,0.0001893,6.8129206905796085e-06,2e-07,378.4955939210894,1.0,86399.99999999999,21600.0,86400.0,79.93471626031472,32.67106950806307,3.785098168496143,17.17188040948431,32.6782966161878,95.52120560529366,3.8167706738085214,35.3039389452255,41613.26984088616,11.559241622468377,3.467827236322412e-21,4.235164736271502e-15,1.686522007322117e-12,5.975552745083072e-13
cuevas_dmso,G12C,2.2e-07,3.25e-05,full,0.0001893,9.999999999999999e-06,2e-07,555.5555555555555,1.0,86399.99999999999,21600.0,86400.0,79.9254855427253,37.86946014893352,3.799368676775747,17.222408585030152,37.86952557147689,95.5158460509929,3.822314674182587,40.07340928704116,41646.09198354534,11.56835888431815,2.6558192352096627e-21,1.5881867761018131e-15,2.0555107349697717e-12,3.474158572722716e-13
cuevas_dmso,G12C,2.2e-07,3.25e-05,full,0.0001893,0.0,1e-06,0.0,5.0,86399.99999999999,21600.0,86400.0,85.25098238188025,0.0,0.0,0.0,0.0,99.88962410690499,0.10558475475449447,8.544979523313305,26566.063876466098,7.379462187907249,1.6281433977522157e-20,3.8116482626443515e-15,1.1450826655694073e-12,3.98992222826178e-12
cuevas_dmso,G12C,2.2e-07,3.25e-05,full,0.0001893,1e-09,1e-06,0.05555555555555556,5.0,86399.99999999999,21600.0,86400.0,85.4339282202366,0.01585285502949311,0.0016637309005244599,0.17175687081288069,0.015657129104680357,99.90086226179645,0.09474189667787318,8.552008482843297,26341.66628049453,7.317129522359592,1.6281433977522157e-20,4.446922973085077e-15,1.7562698765725884e-12,6.49965438119667e-13
cuevas_dmso,G12C,2.2e-07,3.25e-05,full,0.0001893,1.4677992676220676e-09,1e-06,0.08154440375678154,5.0,86399.99999999999,21600.0,86400.0,85.51866066752996,0.02326171876386665,0.002304811781111207,0.25001840021967614,0.022993565191608972,99.9056404144215,0.09013544409475913,8.55547744229433,26238.408300824267,7.288446750228963,1.6281433977522157e-20,5.717472393966527e-15,1.0328508000582125e-12,1.4584848560534984e-12
cuevas_dmso,G12C,2.2e-07,3.25e-05,full,0.0001893,2.1544346900318866e-09,1e-06,0.1196908161128826,5.0,86399.99999999999,21600.0,86400.0,85.64204345704518,0.03412838081995816,0.0031110071551322593,0.3625066756649861,0.033774915230533366,99.91215592369615,0.08385779538427035,8.560754391022476,26088.959074813574,7.246933076337104,1.6281433977522398e-20,2.329340604949326e-15,5.264839162777511e-13,4.92602598387579e-13
cuevas_dmso,G12C,2.2e-07,3.25e-05,full,0.0001893,3.1622776601683795e-09,1e-06,0.17568209223157666,5.0,86399.99999999999,21600.0,86400.0,85.82100379445164,0.05006131812394211,0.004046870116359667,0.5225372786843021,0.04962557741096665,99.92075276453086,0.07558182348065165,8.568854375822813,25878.469971776904,7.18846388104914,1.6281433977522253e-20,6.1409888675936775e-15,2.6575658720103673e-13,6.612150944503882e-13
cuevas_dmso,G12C,2.2e-07,3.25e-05,full,0.0001893,4.641588833612773e-09,1e-06,0.25786604631182075,5.0,86399.99999999999,21600.0,86400.0,86.07903210699594,0.07341136062138816,0.00499884206477242,0.746677040085098,0.07294037045074489,99.93157951033724,0.06517165531758091,8.58138697098704,25577.65985609371,7.104905515581586,1.6281433977522253e-20,4.023406499457927e-15,9.204865856490092e-13,1.2772992146798832e-12
cuevas_dmso,G12C,2.2e-07,3.25e-05,full,0.0001893,6.812920690579622e-09,1e-06,0.3784955939210901,5.0,86399.99999999999,21600.0,86400.0,86.44765936881038,0.10760786811592206,0.0057530029700426505,1.0531568304789727,0.10724828647229119,99.9443563485656,0.05290682032351165,8.600866009961768,25162.3361488275,6.98953781911875,1.6281433977522157e-20,1.4823076576950256e-15,1.6014216659026616e-12,1.5721725594427865e-12
cuevas_dmso,G12C,2.2e-07,3.25e-05,full,0.0001893,1e-08,1e-06,0.5555555555555556,5.0,86399.99999999999,21600.0,86400.0,86.966788775349,0.15763993163021445,0.006029849502782456,1.4567787432408694,0.1577337228633424,99.95816609087552,0.03968031155449663,8.631097086923143,24596.22409780121,6.832284471611447,1.6281433977522253e-20,3.1763735522036263e-15,8.813113118384978e-13,3.446232955242926e-12
cuevas_dmso,G12C,2.2e-07,3.25e-05,full,0.0001893,1.4677992676220675e-08,1e-06,0.8154440375678154,5.0,86399.99999999999,21600.0,86400.0,87.68149304413325,0.23073666315660538,0.005619317850030272,1.9574959786504598,0.2319490261648644,99.97147579822206,0.026970450726950736,8.677607602274056,23850.599986858473,6.625166663016243,1.6281433977522157e-20,4.446922973085077e-15,2.1691984383590598e-12,6.380805070785051e-12
cuevas_dmso,G12C,2.2e-07,3.25e-05,full,0.0001893,2.1544346900318822e-08,1e-06,1.1969081611288235,5.0,86399.99999999999,21600.0,86400.0,88.63082974176163,0.3373105939483072,0.0045654604122947525,2.521325151728516,0.340707856418056,99.982611487023,0.01637643712273396,8.748119017995998,22905.184543662926,6.362551262128591,1.6281433977522253e-20,5.929230630780102e-15,2.576833044225192e-12,3.4622471719019526e-12
cuevas_dmso,G12C,2.2e-07,3.25e-05,full,0.0001893,3.162277660168379e-08,1e-06,1.7568209223157663,5.0,86399.99999999999,21600.0,86400.0,89.82362727478201,0.4922282574261109,0.0032114445084659143,3.062133141871351,0.49909040093286666,99.99053912920039,0.008868494325416424,8.853223109854644,21766.880435707484,6.046355676585412,1.628143397752211e-20,5.929230630780102e-15,1.8036507820596258e-12,8.641059550973948e-13
cuevas_dmso,G12C,2.2e-07,3.25e-05,full,0.0001893,4.641588833612773e-08,1e-06,2.578660463118207,5.0,86399.99999999999,21600.0,86400.0,91.2047399257985,0.7164470902360968,0.001984433501740124,3.4534651352747576,0.7276185162681408,99.99531925141476,0.004364796979808209,9.007542403550886,20477.34197058645,5.688150547385125,1.628143397752211e-20,4.446922973085077e-15,1.3467823861343375e-12,5.21335544145221e-12
cuevas_dmso,G12C,2.2e-07,3.25e-05,full,0.0001893,6.812920690579608e-08,1e-06,3.784955939210893,5.0,86399.99999999999,21600.0,86400.0,92.63927747098474,1.0389794247516673,0.001120454714644598,3.597920712839743,1.0541326567597764,99.99780504028111,0.002035721989528794,9.231462021064297,19119.64517405206,5.311012548347795,1.628143397752211e-20,4.023406499457927e-15,6.118489554932235e-13,4.3728075902003255e-13
cuevas_dmso,G12C,2.2e-07,3.25e-05,full,0.0001893,1e-07,1e-06,5.555555555555555,5.0,86399.99999999999,21600.0,86400.0,93.95324991239038,1.498969076304889,0.0006127297225338699,3.5059835753848496,1.516714040998092,99.99896638701469,0.00095361875326273,9.553161877128511,17808.159013573182,4.946710837103661,1.628143397752211e-20,2.541098841762901e-15,6.870231295620427e-13,1.067393862438427e-12
cuevas_dmso,G12C,2.2e-07,3.25e-05,full,0.0001893,1.4677992676220674e-07,1e-06,8.154440375678153,5.0,86399.99999999999,21600.0,86400.0,95.01551270758249,2.1473606355666255,0.0003448244190356034,3.284372879345216,2.1662108759524012,99.99948218156365,0.0004754966458200175,10.010536364258122,16657.80004948853,4.627166680413481,1.6281433977522157e-20,2.752857078576476e-15,3.319972106542832e-12,1.012191137079088e-11
cuevas_dmso,G12C,2.2e-07,3.25e-05,full,0.0001893,2.1544346900318822e-07,1e-06,11.969081611288235,5.0,86399.99999999999,21600.0,86400.0,95.78779513281478,3.047246320472599,0.0002095038063398142,3.0472316833872846,3.06631544795034,99.99971180498177,0.0002635896755689288,10.652537723067327,15745.787922672447,4.373829978520124,1.6281433977522253e-20,4.235164736271502e-15,2.9434394917086937e-13,4.662651676838906e-13
cuevas_dmso,G12C,2.2e-07,3.25e-05,full,0.0001893,3.162277660168379e-07,1e-06,17.568209223157663,5.0,86399.99999999999,21600.0,86400.0,96.30972814783472,4.271713940290357,0.00014042563978040564,2.8549200411632865,4.290659283392167,99.99981888346241,0.00016512699744025537,11.53928497414756,15087.36596606242,4.190934990572894,1.6281433977522157e-20,2.329340604949326e-15,1.9587636905255695e-12,7.043608352011541e-13
cuevas_dmso,G12C,2.2e-07,3.25e-05,full,0.0001893,4.6415888336127725e-07,1e-06,25.786604631182072,5.0,86399.99999999999,21600.0,86400.0,96.65086449772475,5.898357642702735,0.00010357264516217464,2.717326663435619,5.917015349495709,99.99987246965487,0.00011598872857558201,12.740199125207921,14638.888479152822,4.066357910875784,1.628143397752211e-20,2.541098841762901e-15,1.3935015471313325e-12,2.3147822261683926e-13
cuevas_dmso,G12C,2.2e-07,3.25e-05,full,0.0001893,6.812920690579608e-07,1e-06,37.84955939210894,5.0,86399.99999999999,21600.0,86400.0,96.87281005080956,8.000958221594464,8.286487154469416e-05,2.6235103092975813,8.019090804494606,99.99990126701024,8.963599116222405e-05,14.329823420127726,14339.505151721853,3.9831958754782923,1.628143397752211e-20,4.235164736271502e-15,3.9837018300553813e-13,1.8290617704772548e-13
cuevas_dmso,G12C,2.2e-07,3.25e-05,full,0.0001893,1e-06,1e-06,55.55555555555556,5.0,86399.99999999999,21600.0,86400.0,97.01811943447342,10.640775227428819,7.071522754271478e-05,2.5605588427398747,10.658014452105114,99.99991766202596,7.465474494114801e-05,16.381890203515884,14140.424589747972,3.927895719374437,1.628143397752211e-20,3.5998900258307764e-15,1.896824406257599e-12,1.5910984518579998e-12
cuevas_dmso,G12C,2.2e-07,3.25e-05,full,0.0001893,1.4677992676220675e-06,1e-06,81.54440375678153,5.0,86399.99999999999,21600.0,86400.0,97.11383526494905,13.860827569863531,6.325569592166352e-05,2.518673803070281,13.876728892738567,99.99992751773532,6.56587661277484e-05,18.963077405541256,14008.899942714774,3.8913610951985484,1.6281433977522157e-20,4.870439446712227e-15,6.25427952428894e-12,1.917073787652897e-12
cuevas_dmso,G12C,2.2e-07,3.25e-05,full,0.0001893,2.1544346900318822e-06,1e-06,119.69081611288236,5.0,86399.99999999999,21600.0,86400.0,97.17697331487562,17.68463307335051,5.8617433976069244e-05,2.4911401854100355,17.698784271842918,99.9999335721764,6.013641907055773e-05,22.127452394880297,13920.801591732894,3.866889331036915,1.628143397752211e-20,2.329340604949326e-15,7.22624983126325e-13,7.101841867135274e-13
cuevas_dmso,G12C,2.2e-07,3.25e-05,full,0.0001893,3.162277660168379e-06,1e-06,175.68209223157663,5.0,86399.99999999999,21600.0,86400.0,97.21838009787677,22.116944437429154,5.5695460399335925e-05,2.47345901860566,22.129058057038424,99.99993736314988,5.66803975266944e-05,25.910992485714758,13863.361536220691,3.850933760061303,1.4626727399719e-20,2.964615315390051e-15,9.039429733979486e-13,3.1485802836218445e-13
cuevas_dmso,G12C,2.2e-07,3.25e-05,full,0.0001893,4.641588833612773e-06,1e-06,257.8660463118207,5.0,86399.99999999999,21600.0,86400.0,97.2450892875165,27.139326050922435,5.3877076033004294e-05,2.462610343032616,27.149297646663324,99.99993972490871,5.452802957546626e-05,30.322015190213868,13826.405172893079,3.840668103581411,1.4451680460161123e-20,3.3881317890172014e-15,1.657008203066225e-12,3.4887169515036495e-13
cuevas_dmso,G12C,2.2e-07,3.25e-05,full,0.0001893,6.8129206905796085e-06,1e-06,378.4955939210894,5.0,86399.99999999999,21600.0,86400.0,97.26169477310734,32.67287813311269,5.2775249168648986e-05,2.4565584827439677,32.68081112237017,99.99994116860155,5.321272186670834e-05,35.30339069759191,13803.253836554766,3.8342371768207686,1.7339135774255225e-20,3.3881317890172014e-15,9.140147245363943e-12,3.9545850724935147e-13
cuevas_dmso,G12C,2.2e-07,3.25e-05,full,0.0001893,9.999999999999999e-06,1e-06,555.5555555555555,5.0,86399.99999999999,21600.0,86400.0,97.27053147680842,37.87320633853925,5.22232758404984e-05,2.454019786008293,37.87963264018735,99.99994191163161,5.2535808497340024e-05,40.075894663671306,13790.824066493116,3.8307844629147545,1.3279095832275692e-20,5.293955920339377e-15,4.370160612240156e-13,1.7672548351072926e-12
cuevas_dmso,G12C,2.2e-07,3.25e-05,full,0.0001893,0.0,1e-05,0.0,50.00000000000001,86399.99999999999,21600.0,86400.0,87.8849861318755,0.0,0.0,0.0,0.0,99.9486466918273,0.04933825467231055,8.527636192232526,23806.05939202384,6.612794275562178,1.6281429582505863e-19,2.202285662861181e-15,3.2081372877256625e-13,4.774658549223487e-11
cuevas_dmso,G12C,2.2e-07,3.25e-05,full,0.0001893,1e-09,1e-05,0.05555555555555556,50.00000000000001,86399.99999999999,21600.0,86400.0,88.0665268647427,0.015848414114633384,0.0007660122408172197,0.1493772443117802,0.015820783259727692,99.95464957563031,0.043532222315148326,8.536480354996302,23603.294251882933,6.556470625523037,1.6281429582505863e-19,2.7105054312137607e-15,3.27298824774982e-13,1.0227922838095677e-11
cuevas_dmso,G12C,2.2e-07,3.25e-05,full,0.0001893,1.4677992676220676e-09,1e-05,0.08154440375678154,50.00000000000001,86399.99999999999,21600.0,86400.0,88.15040001631475,0.023255506865375284,0.0010529586468647426,0.2170911427213123,0.023230091789957493,99.95716759420672,0.04109848944906425,8.540723014976955,23509.97741511134,6.5305492819753725,1.6281429582505863e-19,2.7105054312137607e-15,3.918850870031224e-13,5.288926662215055e-12
cuevas_dmso,G12C,2.2e-07,3.25e-05,full,0.0001893,2.1544346900318866e-09,1e-05,0.1196908161128826,50.00000000000001,86399.99999999999,21600.0,86400.0,88.27228935035872,0.034119880866479026,0.0014054616175138465,0.3140206108796836,0.03411408788500691,99.96056628274178,0.037815302258176156,8.547056575319836,23377.610737845036,6.49378076051251,1.6281429582505863e-19,4.235164736271502e-15,1.286828335336494e-12,1.4633817652798123e-12
cuevas_dmso,G12C,2.2e-07,3.25e-05,full,0.0001893,3.1622776601683795e-09,1e-05,0.17568209223157666,50.00000000000001,86399.99999999999,21600.0,86400.0,88.44856754916107,0.05005004954957554,0.0017993091271214855,0.45107733536882927,0.05010601290437949,99.96498618702275,0.033548832012864176,8.556552735926797,23187.38899162987,6.4409413865638525,1.6281429582506055e-19,2.8799120206646208e-15,1.5566877383757938e-12,4.317141643697957e-11
cuevas_dmso,G12C,2.2e-07,3.25e-05,full,0.0001893,4.641588833612773e-09,1e-05,0.25786604631182075,50.00000000000001,86399.99999999999,21600.0,86400.0,88.70163192798985,0.07339707798333739,0.0021732111999093725,0.6412932610487537,0.07360768672181259,99.97043891877638,0.02829099673113912,8.570845548289382,22917.696966261257,6.366026935072571,1.6281429582505863e-19,1.6940658945086005e-15,4.071052102740981e-13,2.203582682061664e-11
cuevas_dmso,G12C,2.2e-07,3.25e-05,full,0.0001893,6.812920690579622e-09,1e-05,0.3784955939210901,50.00000000000001,86399.99999999999,21600.0,86400.0,89.06085705565098,0.10759086145868045,0.002424543500444877,0.8978259264406265,0.1081456592039028,99.97669343482404,0.02226895316300738,8.592400309590705,22542.758832196476,6.26187745338791,1.6281429582505747e-19,3.7269449679189215e-15,2.9935997240539093e-12,7.989373577180171e-12
cuevas_dmso,G12C,2.2e-07,3.25e-05,full,0.0001893,1e-08,1e-05,0.5555555555555556,50.00000000000001,86399.99999999999,21600.0,86400.0,89.56196525299715,0.15762131846292993,0.0024368480355398577,1.2286506712491023,0.15887512054172587,99.98319716121134,0.016019518059722918,8.624864712393977,22034.291406656248,6.120636501848958,1.6281429582505747e-19,4.065758146820642e-15,5.650503851574234e-12,9.150735157204622e-12
cuevas_dmso,G12C,2.2e-07,3.25e-05,full,0.0001893,1.4677992676220675e-08,1e-05,0.8154440375678154,50.00000000000001,86399.99999999999,21600.0,86400.0,90.24230981747093,0.23071837469645437,0.002149931063398457,1.625977970455287,0.23326055391751038,99.98915437247169,0.010310337088870265,8.67350149215483,21364.761734983807,5.934656037495502,1.6281429582505863e-19,2.8799120206646208e-15,5.259545206857171e-13,5.922613185879678e-13
cuevas_dmso,G12C,2.2e-07,3.25e-05,full,0.0001893,2.1544346900318822e-08,1e-05,1.1969081611288235,50.00000000000001,86399.99999999999,21600.0,86400.0,91.1280721098583,0.3372947955184743,0.001631017964922229,2.051083765232882,0.34193311022520956,99.99382757056496,0.0058466876400276166,8.745748116697678,20514.953559690908,5.698598211025252,1.6281429582505863e-19,2.202285662861181e-15,1.4373090323721409e-12,1.8399143801139505e-12
cuevas_dmso,G12C,2.2e-07,3.25e-05,full,0.0001893,3.162277660168379e-08,1e-05,1.7568209223157663,50.00000000000001,86399.99999999999,21600.0,86400.0,92.21076382861264,0.49221636295524995,0.001057687881620109,2.4252809019411012,0.49972084385357873,99.99690483084447,0.0029193081859150835,8.85203431063924,19490.23142301147,5.413953173058742,1.6281429582505863e-19,3.8963515573697816e-15,1.3585614380570927e-12,1.4585642653923035e-11
cuevas_dmso,G12C,2.2e-07,3.25e-05,full,0.0001893,4.641588833612773e-08,1e-05,2.578660463118207,50.00000000000001,86399.99999999999,21600.0,86400.0,93.42137057718816,0.716439191870998,0.000596929084490484,2.6514918850361413,0.7270213704679623,99.99860192658713,0.0013123611456847945,9.007018857032389,18330.90379338929,5.091917720385914,1.6281429582505863e-19,4.404571325722362e-15,1.45835250715549e-12,8.590766969730724e-13
cuevas_dmso,G12C,2.2e-07,3.25e-05,full,0.0001893,6.812920690579608e-08,1e-05,3.784955939210893,50.00000000000001,86399.99999999999,21600.0,86400.0,94.63017836041038,1.0389746542559217,0.00030679254435732594,2.6753254662453374,1.0519443366825076,99.99940346940556,0.0005571880108310566,9.231252161427058,17110.311038431322,4.752864177342034,1.6281429582505747e-19,2.8799120206646208e-15,9.071193469501523e-13,3.1968876313949414e-12
cuevas_dmso,G12C,2.2e-07,3.25e-05,full,0.0001893,1e-07,1e-05,5.555555555555555,50.00000000000001,86399.99999999999,21600.0,86400.0,95.69521879968046,1.4989663571308642,0.00015321118176817695,2.531488144807469,1.5131044064306376,99.99974356980736,0.00023837222841137644,9.553081197658743,15932.05371987752,4.425570477743755,1.6281429582505863e-19,2.032879073410321e-15,1.407001134728198e-12,4.603094672735088e-13
cuevas_dmso,G12C,2.2e-07,3.25e-05,full,0.0001893,1.4677992676220674e-07,1e-05,8.154440375678153,50.00000000000001,86399.99999999999,21600.0,86400.0,96.52812586778205,2.147359204814674,7.946747557238325e-05,2.3136704982790692,2.1616623954895258,99.99988163731662,0.00010955319200305014,10.010505358593191,14897.785853369693,4.138273848158248,1.6281429582505863e-19,4.065758146820642e-15,1.4558378780933287e-12,1.2270066334366591e-12
cuevas_dmso,G12C,2.2e-07,3.25e-05,full,0.0001893,2.1544346900318822e-07,1e-05,11.969081611288235,50.00000000000001,86399.99999999999,21600.0,86400.0,97.11897645402814,3.047245236862469,4.507922363945906e-05,2.104971825601923,3.0612599433760614,99.99993851484084,5.6701468928063695e-05,10.652524008324963,14079.327225276096,3.91092422924336,1.6281429582505863e-19,2.371692252312041e-15,8.746012227094676e-12,4.301339185275744e-13
cuevas_dmso,G12C,2.2e-07,3.25e-05,full,0.0001893,3.162277660168379e-07,1e-05,17.568209223157663,50.00000000000001,86399.99999999999,21600.0,86400.0,97.51213872607372,4.271712187595274,2.8508926530505756e-05,1.942695125939505,4.285361224882372,99.99996354707775,3.3518576039636225e-05,11.539275858332859,13487.591821085658,3.746553283634905,1.6281429582505747e-19,2.5410988417629006e-15,2.7396221887756277e-13,2.449778102137047e-13
cuevas_dmso,G12C,2.2e-07,3.25e-05,full,0.0001893,4.6415888336127725e-07,1e-05,25.786604631182072,50.00000000000001,86399.99999999999,21600.0,86400.0,97.76698083242727,5.898358790320335,2.0178873709752617e-05,1.8282864259862448,5.9116445657233605,99.99997537136944,2.259532926998291e-05,12.740199478960804,13082.985891285198,3.6341627475792215,1.6281429582505863e-19,3.388131789017201e-15,3.4794525286430556e-13,1.4637788119738378e-13
cuevas_dmso,G12C,2.2e-07,3.25e-05,full,0.0001893,6.812920690579608e-07,1e-05,37.84955939210894,50.00000000000001,86399.99999999999,21600.0,86400.0,97.93223763219221,8.000958649660303,1.564098169901663e-05,1.750408911719505,8.01380487303129,99.99998152924913,1.6917635999707483e-05,14.329823114874419,12813.036727054112,3.559176868626142,1.6281429582505747e-19,7.284483346386983e-15,7.653736771830654e-13,9.084428359302371e-13
cuevas_dmso,G12C,2.2e-07,3.25e-05,full,0.0001893,1e-06,1e-05,55.55555555555556,50.00000000000001,86399.99999999999,21600.0,86400.0,98.04052131376356,10.640776464192509,1.3008799806775516e-05,1.6978081471059405,10.652988798465197,99.99998498846873,1.3732721356349894e-05,16.381891530292535,12633.583268698141,3.509328685749484,1.6281429582505747e-19,3.388131789017201e-15,4.090242692952211e-12,4.032273875624495e-12
cuevas_dmso,G12C,2.2e-07,3.25e-05,full,0.0001893,1.4677992676220675e-06,1e-05,81.54440375678153,50.00000000000001,86399.99999999999,21600.0,86400.0,98.1122448824677,13.860823221608308,1.139590345542679e-05,1.6622645695438565,13.87214475746257,99.99998705909265,1.1828351897274438e-05,18.96307114785846,12512.285930744107,3.4756349807622517,1.6281429582505747e-19,3.8963515573697816e-15,1.9103239938544642e-12,2.7316812548951186e-12
cuevas_dmso,G12C,2.2e-07,3.25e-05,full,0.0001893,2.1544346900318822e-06,1e-05,119.69081611288236,50.00000000000001,86399.99999999999,21600.0,86400.0,98.16014492715,17.684632509769237,1.0432166235452025e-05,1.638211700885575,17.69479737226663,99.99998828413116,1.070219911350039e-05,22.127451523137765,12432.104526424077,3.4533623684511325,1.6281429582505863e-19,2.8799120206646208e-15,1.2353446140111937e-12,2.0169972056493027e-12
cuevas_dmso,G12C,2.2e-07,3.25e-05,full,0.0001893,3.162277660168379e-06,1e-05,175.68209223157663,50.00000000000001,86399.99999999999,21600.0,86400.0,98.19229853663394,22.116943025443106,9.80745084773775e-06,1.6219337819172508,22.125769286913926,99.99998906941204,9.98069687218767e-06,25.910990740244856,12377.67440037506,3.438242888993072,1.462672329643977e-19,2.5410988417629006e-15,2.2966504271412303e-12,4.2020775117693806e-13
cuevas_dmso,G12C,2.2e-07,3.25e-05,full,0.0001893,4.641588833612773e-06,1e-05,257.8660463118207,50.00000000000001,86399.99999999999,21600.0,86400.0,98.21392059759687,27.13932387769111,9.386973641335075e-06,1.6109449888243232,27.146738286217666,99.99998959258586,9.50026068486561e-06,30.322012710916468,12340.79041555536,3.4279973376542667,1.4451676387615865e-19,2.7105054312137607e-15,4.797647552807561e-13,2.873294575764197e-13
cuevas_dmso,G12C,2.2e-07,3.25e-05,full,0.0001893,6.8129206905796085e-06,1e-05,378.4955939210894,50.00000000000001,86399.99999999999,21600.0,86400.0,98.22838247764966,32.67288447572182,9.130700917571895e-06,1.603598402461856,32.678937290062635,99.9999899126473,9.206302706180073e-06,35.30339751678651,12315.989202730852,3.4211081118696813,1.7339131191543123e-19,2.371692252312041e-15,2.3666629941877185e-12,1.4902485915755347e-13
cuevas_dmso,G12C,2.2e-07,3.25e-05,full,0.0001893,9.999999999999999e-06,1e-05,555.5555555555555,50.00000000000001,86399.99999999999,21600.0,86400.0,98.23705593510797,37.87320789680604,8.964172303853434e-06,1.5992131759178185,37.87825293058208,99.99999011806752,9.01775912946682e-06,40.07589629478399,12301.061169183462,3.416961435884295,1.3279091964871893e-19,2.202285662861181e-15,1.7590492034307665e-12,7.009197638529335e-13
cuevas_cypa,G12C,2.2e-07,4.633e-05,full,0.0001893,0.0,0.0,0.0,0.0,86399.99999999999,21600.0,86400.0,0.0,0.0,0.0,0.0,0.0,0.0,89.1076043715797,20.85773396767054,,,0.0,0.0,1.5986423390444834e-12,2.34734005507848e-12
cuevas_cypa,G12C,2.2e-07,4.633e-05,full,0.0001893,1e-09,0.0,0.05555555555555556,0.0,86399.99999999999,21600.0,86400.0,0.0,0.010307899081648636,0.4075854103453303,0.4075854103570801,0.010307899087990168,0.0,89.09359875853568,20.83106709362819,,,0.0,0.0,1.2219773753123367e-12,5.468788814608585e-12
cuevas_cypa,G12C,2.2e-07,4.633e-05,full,0.0001893,1.4677992676220676e-09,0.0,0.08154440375678154,0.0,86399.99999999999,21600.0,86400.0,0.0,0.015142288093891176,0.5979492531326949,0.5979492531326914,0.01514228809002627,0.0,89.08703689221247,20.818582501972656,,,0.0,0.0,1.5189683024433758e-12,1.9937037995998094e-12
cuevas_cypa,G12C,2.2e-07,4.633e-05,full,0.0001893,2.1544346900318866e-09,0.0,0.1196908161128826,0.0,86399.99999999999,21600.0,86400.0,0.0,0.022252486666759486,0.8770114977807564,0.8770114977827792,0.022252486666848925,0.0,89.07739388387132,20.80024643426847,,,0.0,0.0,2.4493810554430213e-12,4.347528950680705e-12
cuevas_cypa,G12C,2.2e-07,4.633e-05,full,0.0001893,3.1622776601683795e-09,0.0,0.17568209223157666,0.0,86399.99999999999,21600.0,86400.0,0.0,0.03271964138864729,1.2858518014281708,1.285851801443832,0.03271964139788637,0.0,89.06321530743308,20.77330912454924,,,0.0,0.0,5.194694246833014e-13,1.7957098481791167e-12
cuevas_cypa,G12C,2.2e-07,4.633e-05,full,0.0001893,4.641588833612773e-09,0.0,0.25786604631182075,0.0,86399.99999999999,21600.0,86400.0,0.0,0.04814980022644809,1.8842785157697322,1.884278515787121,0.04814980023335117,0.0,89.04235174752257,20.733721015244864,,,0.0,0.0,1.5581435762538872e-12,1.1640217928744214e-11
cuevas_cypa,G12C,2.2e-07,4.633e-05,full,0.0001893,6.812920690579622e-09,0.0,0.3784955939210901,0.0,86399.99999999999,21600.0,86400.0,0.0,0.07094168289973721,2.7590019707942415,2.7590019708454525,0.07094168286906878,0.0,89.01161790897143,20.675511436349737,,,0.0,0.0,6.045830009925577e-12,9.243247036912552e-12
cuevas_cypa,G12C,2.2e-07,4.633e-05,full,0.0001893,1e-08,0.0,0.5555555555555556,0.0,86399.99999999999,21600.0,86400.0,0.0,0.10470556890236118,4.034899322970818,4.034899322970863,0.10470556889926505,0.0,88.96627662885815,20.589866182526457,,,0.0,0.0,1.9328233065159066e-12,8.080297270112e-12
cuevas_cypa,G12C,2.2e-07,4.633e-05,full,0.0001893,1.4677992676220675e-08,0.0,0.8154440375678154,0.0,86399.99999999999,21600.0,86400.0,0.0,0.15493401925757438,5.889855353521074,5.889855353512156,0.15493401925107816,0.0,88.89925421014667,20.463763267681234,,,0.0,0.0,9.388830824721885e-13,6.6513262183143934e-12
cuevas_cypa,G12C,2.2e-07,4.633e-05,full,0.0001893,2.1544346900318822e-08,0.0,1.1969081611288235,0.0,86399.99999999999,21600.0,86400.0,0.0,0.23010624958057668,8.572522376041375,8.572522376084427,0.23010624958006415,0.0,88.79995292498187,20.277989996576025,,,0.0,0.0,2.325767184703097e-12,7.257219473397235e-12
cuevas_cypa,G12C,2.2e-07,4.633e-05,full,0.0001893,3.162277660168379e-08,0.0,1.7568209223157663,0.0,86399.99999999999,21600.0,86400.0,0.0,0.343560381234883,12.418535788584414,12.418535789168152,0.3435603814415251,0.0,88.65251679307492,20.004425647111514,,,0.0,0.0,1.402104225501884e-12,4.396233345147827e-12
cuevas_cypa,G12C,2.2e-07,4.633e-05,full,0.0001893,4.641588833612773e-08,0.0,2.578660463118207,0.0,86399.99999999999,21600.0,86400.0,0.0,0.5167316350160882,17.849511618645707,17.849511618739893,0.5167316350561281,0.0,88.43363019533656,19.603024311708026,,,0.0,0.0,4.241782181171926e-13,3.4468946997329684e-12
cuevas_cypa,G12C,2.2e-07,4.633e-05,full,0.0001893,6.812920690579608e-08,0.0,3.784955939210893,0.0,86399.99999999999,21600.0,86400.0,0.0,0.7846483248037709,25.30897705519366,25.3089770581476,0.7846483218640051,0.0,88.11122544202712,19.02148346091929,,,0.0,0.0,2.8657506885777133e-12,4.065493449024625e-12
cuevas_cypa,G12C,2.2e-07,4.633e-05,full,0.0001893,1e-07,0.0,5.555555555555555,0.0,86399.99999999999,21600.0,86400.0,0.0,1.2039227683175233,35.02447292941797,35.02447292902453,1.2039227681819196,0.0,87.65046378412934,18.20979750969644,,,0.0,0.0,1.0790405654631735e-12,5.483479542287527e-12
cuevas_cypa,G12C,2.2e-07,4.633e-05,full,0.0001893,1.4677992676220674e-07,0.0,8.154440375678153,0.0,86399.99999999999,21600.0,86400.0,0.0,1.8574818915859217,46.45530589953413,46.455305909499884,1.8574818923253913,0.0,87.04402122239044,17.182227369339984,,,0.0,0.0,3.775517013488035e-12,6.114254390195964e-12
cuevas_cypa,G12C,2.2e-07,4.633e-05,full,0.0001893,2.1544346900318822e-07,0.0,11.969081611288235,0.0,86399.99999999999,21600.0,86400.0,0.0,2.835523109167983,57.78785875414739,57.787858762420484,2.8355231098658704,0.0,86.36920899599848,16.138134783019993,,,0.0,0.0,1.040659385040713e-12,6.3920547271157724e-12
cuevas_cypa,G12C,2.2e-07,4.633e-05,full,0.0001893,3.162277660168379e-07,0.0,17.568209223157663,0.0,86399.99999999999,21600.0,86400.0,0.0,4.192050864000816,66.89370462960665,66.89370465126139,4.1920508677187005,0.0,85.77256024419214,15.456275898996886,,,0.0,0.0,2.5992000079886257e-12,3.672549570837434e-12
cuevas_cypa,G12C,2.2e-07,4.633e-05,full,0.0001893,4.6415888336127725e-07,0.0,25.786604631182072,0.0,86399.99999999999,21600.0,86400.0,0.0,5.94902129638992,73.13240009343473,73.13240013203826,5.949021297056264,0.0,85.3382123387236,15.42808988296767,,,0.0,0.0,2.15172838382194e-12,3.993760346304026e-12
cuevas_cypa,G12C,2.2e-07,4.633e-05,full,0.0001893,6.812920690579608e-07,0.0,37.84955939210894,0.0,86399.99999999999,21600.0,86400.0,0.0,8.14039877127634,77.13130914975007,77.13130914829051,8.140398770513846,0.0,85.05373706535991,16.138121290789275,,,0.0,0.0,1.0983105650132089e-11,2.2271407859071743e-11
cuevas_cypa,G12C,2.2e-07,4.633e-05,full,0.0001893,1e-06,0.0,55.55555555555556,0.0,86399.99999999999,21600.0,86400.0,0.0,10.816615446934039,79.67681720074962,79.67681719971672,10.816615446167914,0.0,84.87663879296365,17.578210034474722,,,0.0,0.0,3.749311931682355e-12,1.2623437892049245e-12
cuevas_cypa,G12C,2.2e-07,4.633e-05,full,0.0001893,1.4677992676220675e-06,0.0,81.54440375678153,0.0,86399.99999999999,21600.0,86400.0,0.0,14.026742280307024,81.32169505460149,81.32169505607655,14.026742282235181,0.0,84.77146851932262,19.732583220686028,,,0.0,0.0,5.317778721980904e-13,1.879619049516496e-12
cuevas_cypa,G12C,2.2e-07,4.633e-05,full,0.0001893,2.1544346900318822e-06,0.0,119.69081611288236,0.0,86399.99999999999,21600.0,86400.0,0.0,17.807360168675554,82.4062680482456,82.4062680429936,17.80736017029032,0.0,84.71464538927822,22.595071234370547,,,0.0,0.0,1.3324887051494212e-12,8.057400910756532e-13
cuevas_cypa,G12C,2.2e-07,4.633e-05,full,0.0001893,3.162277660168379e-06,0.0,175.68209223157663,0.0,86399.99999999999,21600.0,86400.0,0.0,22.17789973258144,83.13651005441658,83.13651006708982,22.177899735398373,0.0,84.69122410217243,26.161945203521146,,,0.0,0.0,3.3351922298138076e-12,4.71823821400247e-13
cuevas_cypa,G12C,2.2e-07,4.633e-05,full,0.0001893,4.641588833612773e-06,0.0,257.8660463118207,0.0,86399.99999999999,21600.0,86400.0,0.0,27.133227186618605,83.638860321467,83.63886036712701,27.13322718640991,0.0,84.6916280906539,30.41656252305523,,,0.0,0.0,1.2289918669067864e-12,5.235722405215644e-13
cuevas_cypa,G12C,2.2e-07,4.633e-05,full,0.0001893,6.8129206905796085e-06,0.0,378.4955939210894,0.0,86399.99999999999,21600.0,86400.0,0.0,32.60549750404744,83.99127966490794,83.99127966233746,32.605497506064985,0.0,84.7092818551768,35.28717745194384,,,0.0,0.0,5.066315815764784e-13,2.4259553004955196e-13
cuevas_cypa,G12C,2.2e-07,4.633e-05,full,0.0001893,9.999999999999999e-06,0.0,555.5555555555555,0.0,86399.99999999999,21600.0,86400.0,0.0,37.76495328791039,84.21866492782958,84.21866492872348,37.76495328913822,0.0,84.73510847532113,39.99451415414403,,,0.0,0.0,1.926576438529906e-11,2.1772717211375773e-12
cuevas_cypa,G12C,2.2e-07,4.633e-05,full,0.0001893,0.0,1e-07,0.0,0.5,86399.99999999999,21600.0,86400.0,44.86124694421964,0.0,0.0,0.0,0.0,49.99080511343547,45.09929234949289,16.698540476426253,,,1.6281434423554797e-21,1.3234889800848443e-15,1.8183415097385676e-12,1.7644755082491144e-12
cuevas_cypa,G12C,2.2e-07,4.633e-05,full,0.0001893,1e-09,1e-07,0.05555555555555556,0.5,86399.99999999999,21600.0,86400.0,44.887365111330396,0.013004599072272763,0.32944571639298775,0.3424603979104889,0.01267427359420332,49.991056104346754,45.081011766973226,16.663796281418097,,,1.6281434423554917e-21,2.6469779601696886e-15,2.3699717166379307e-12,4.378101546120665e-12
cuevas_cypa,G12C,2.2e-07,4.633e-05,full,0.0001893,1.4677992676220676e-09,1e-07,0.08154440375678154,0.5,86399.99999999999,21600.0,86400.0,44.89954251860113,0.019103017379078255,0.4828616265034416,0.5019862507542071,0.018619427112578083,49.99117111037796,45.07248041460404,16.647578494289718,,,1.6281434423554917e-21,2.9116757561866574e-15,5.685708658444491e-13,9.861316390612175e-13
cuevas_cypa,G12C,2.2e-07,4.633e-05,full,0.0001893,2.1544346900318866e-09,1e-07,0.1196908161128826,0.5,86399.99999999999,21600.0,86400.0,44.91736931531695,0.02807134267973154,0.7072357029160944,0.7353527511495437,0.027364267059703653,49.99133684774769,45.059982249072014,16.623816015254093,,,1.6281434423554917e-21,1.9852334701272664e-15,1.4058099946461216e-12,2.2501959639402522e-12
cuevas_cypa,G12C,2.2e-07,4.633e-05,full,0.0001893,3.1622776601683795e-09,1e-07,0.17568209223157666,0.5,86399.99999999999,21600.0,86400.0,44.94343032993018,0.04127159653155435,1.0348205324495645,1.0761872236771772,0.0402397139983652,49.99157423377049,45.04168977418569,16.589029831971377,,,1.6281434423554917e-21,7.940933880509066e-16,3.0579212884860327e-12,1.7831367028683107e-12
cuevas_cypa,G12C,2.2e-07,4.633e-05,full,0.0001893,4.641588833612773e-09,1e-07,0.25786604631182075,0.5,86399.99999999999,21600.0,86400.0,44.98145871385021,0.06072493358361928,1.5118552186983356,1.5727731498752693,0.05922338417669484,49.99190986995065,45.01495599931805,16.538176042144087,,,1.6281434423554797e-21,1.5881867761018131e-15,6.418921553411495e-13,1.6583316920463099e-12
cuevas_cypa,G12C,2.2e-07,4.633e-05,full,0.0001893,6.812920690579622e-09,1e-07,0.3784955939210901,0.5,86399.99999999999,21600.0,86400.0,45.036780083121265,0.08944419023270364,2.2038085406450296,2.2936288340378583,0.08726894341694515,49.992376711712524,44.9759738253471,16.46399507849988,,,1.6281434423554917e-21,1.852884572118782e-15,3.674137757613536e-12,4.1982393937271345e-12
cuevas_cypa,G12C,2.2e-07,4.633e-05,full,0.0001893,1e-08,1e-07,0.5555555555555556,0.5,86399.99999999999,21600.0,86400.0,45.11688546530125,0.13194717697094652,3.2015219439988787,3.33414865513337,0.12881811271312757,49.99300954835344,44.91933759296265,16.35617021032547,,,1.6281434423554797e-21,1.3234889800848443e-15,1.3653112318555254e-12,2.2295495358509287e-12
cuevas_cypa,G12C,2.2e-07,4.633e-05,full,0.0001893,1.4677992676220675e-08,1e-07,0.8154440375678154,0.5,86399.99999999999,21600.0,86400.0,45.23202021650289,0.19505753623123187,4.626802068148563,4.8228944592965854,0.19060756898594236,49.99383580447451,44.83754148654135,16.200376889670604,,,1.6281434423554917e-21,9.26442286059391e-16,7.590209300786582e-13,1.2776962613739087e-12
cuevas_cypa,G12C,2.2e-07,4.633e-05,full,0.0001893,2.1544346900318822e-08,1e-07,1.1969081611288235,0.5,86399.99999999999,21600.0,86400.0,45.3955121224079,0.2891584130834175,6.6331437371717294,6.923123296426974,0.28294976004646905,49.994857004496474,44.720597969502265,15.97761525512849,,,1.6281434423554797e-21,1.0587911840678754e-15,3.9492911165731753e-13,2.745974935880035e-12
cuevas_cypa,G12C,2.2e-07,4.633e-05,full,0.0001893,3.162277660168379e-08,1e-07,1.7568209223157663,0.5,86399.99999999999,21600.0,86400.0,45.62299879765162,0.43011615036333944,9.391005820596687,9.818302001032817,0.421735446567236,49.99602267875334,44.55634162684373,15.665087183236242,,,1.6281434423554917e-21,1.0587911840678754e-15,2.208109014373554e-12,2.9378808379923373e-12
cuevas_cypa,G12C,2.2e-07,4.633e-05,full,0.0001893,4.641588833612773e-08,1e-07,2.578660463118207,0.5,86399.99999999999,21600.0,86400.0,45.92864402469644,0.6419996849032799,13.036419460235589,13.657866187358204,0.6313321447579777,49.997210338075575,44.332830762296965,15.24194603612922,,,1.6281434423554797e-21,1.1911400820763599e-15,7.676236084492097e-13,1.4738373282224826e-12
cuevas_cypa,G12C,2.2e-07,4.633e-05,full,0.0001893,6.812920690579608e-08,1e-07,3.784955939210893,0.5,86399.99999999999,21600.0,86400.0,46.31517459953234,0.9600497372801998,17.556334988436276,18.430568785491474,0.9478189571077533,49.9982475536637,44.045316094351115,14.706480344368122,,,1.6281434423555038e-21,1.4558378780933287e-15,8.937521082512953e-13,5.8768204671687425e-12
cuevas_cypa,G12C,2.2e-07,4.633e-05,full,0.0001893,1e-07,1e-07,5.555555555555555,0.5,86399.99999999999,21600.0,86400.0,46.757210167996774,1.4315801129281345,22.632152271851236,23.784073198439913,1.419847538711373,49.998996831525446,43.70840415417797,14.109317587126712,,,1.6281434423554797e-21,3.441071348220595e-15,1.2600938579387802e-12,1.5241299094657067e-12
cuevas_cypa,G12C,2.2e-07,4.633e-05,full,0.0001893,1.4677992676220674e-07,1e-07,8.154440375678153,0.5,86399.99999999999,21600.0,86400.0,47.19301151384451,2.1117510220193565,27.6200273296269,29.00153683352952,2.103296659462866,49.9994423143522,43.36272498115221,13.581551628058161,,,1.6281434423554797e-21,1.7205356741102976e-15,4.699709368281282e-13,6.37656990604878e-13
cuevas_cypa,G12C,2.2e-07,4.633e-05,full,0.0001893,2.1544346900318822e-07,1e-07,11.969081611288235,0.5,86399.99999999999,21600.0,86400.0,47.55340067878287,3.0575857173802587,31.869309327051937,33.38226796787938,3.054071649444286,49.99967148054041,43.0571540998665,13.30487320566454,,,1.6281434423554917e-21,1.0587911840678754e-15,3.578714202149419e-13,3.4807760176231405e-13
cuevas_cypa,G12C,2.2e-07,4.633e-05,full,0.0001893,3.162277660168379e-07,1e-07,17.568209223157663,0.5,86399.99999999999,21600.0,86400.0,47.80932290088127,4.328842337846266,35.098382950895996,36.662521638351215,4.330088893968919,49.99978316151055,42.8191069144502,13.433185764677189,,,1.6281434423555038e-21,1.7205356741102976e-15,1.3560468089949314e-12,9.042076711939656e-13
cuevas_cypa,G12C,2.2e-07,4.633e-05,full,0.0001893,4.6415888336127725e-07,1e-07,25.786604631182072,0.5,86399.99999999999,21600.0,86400.0,47.975523539712476,5.991322831317059,37.39001561097721,38.96622466222297,5.996171747123706,49.999838925002045,42.64874443110096,14.057482813475113,,,1.6281434423554797e-21,1.1911400820763599e-15,9.056635090720589e-13,5.325719655861413e-13
cuevas_cypa,G12C,2.2e-07,4.633e-05,full,0.0001893,6.812920690579608e-07,1e-07,37.84955939210894,0.5,86399.99999999999,21600.0,86400.0,48.07976147329382,8.112589928195526,38.96613925601506,40.541276970462235,8.119718699513115,49.99986823605599,42.533160715597,15.228171221590681,,,1.6281434423554797e-21,2.6469779601696886e-15,3.378205621666565e-12,1.8802807940065383e-12
cuevas_cypa,G12C,2.2e-07,4.633e-05,full,0.0001893,1e-06,1e-07,55.55555555555556,0.5,86399.99999999999,21600.0,86400.0,48.14418435334324,10.752626058037217,40.039188915883386,41.61111051421652,10.760859817667006,49.99988434794214,42.458080529465576,16.981772463692884,,,1.6281434423554797e-21,4.235164736271502e-15,2.8890440946272066e-12,1.6284208410963924e-12
cuevas_cypa,G12C,2.2e-07,4.633e-05,full,0.0001893,1.4677992676220675e-06,1e-07,81.54440375678153,0.5,86399.99999999999,21600.0,86400.0,48.1830383078656,13.9566430503255,40.76994879633706,42.34035118116708,13.96503726464439,49.9998932555784,42.41204919835489,19.35098267144782,,,1.6281434423554797e-21,1.852884572118782e-15,1.8912657525412425e-13,5.10337350720716e-13
cuevas_cypa,G12C,2.2e-07,4.633e-05,full,0.0001893,2.1544346900318822e-06,1e-07,119.69081611288236,0.5,86399.99999999999,21600.0,86400.0,48.20502473707912,17.75260232791823,41.27047160112481,42.84212250483337,17.760464334404684,49.99989796424385,42.386822861186005,22.363865302973554,,,1.6281434423554917e-21,1.4558378780933287e-15,3.959746679515846e-12,1.95783724823951e-12
cuevas_cypa,G12C,2.2e-07,4.633e-05,full,0.0001893,3.162277660168379e-06,1e-07,175.68209223157663,0.5,86399.99999999999,21600.0,86400.0,48.21548165816574,22.150721938563265,41.61661259334224,43.19237857640299,22.157608374179148,49.9998998037387,42.376688661586286,26.038214727809827,,,1.4626727816121484e-21,2.2499312661442353e-15,5.974229256102987e-13,7.835054762102278e-13
cuevas_cypa,G12C,2.2e-07,4.633e-05,full,0.0001893,4.641588833612773e-06,1e-07,257.8660463118207,0.5,86399.99999999999,21600.0,86400.0,48.217769512371525,27.137921737567275,41.85918419534766,43.44171819573487,27.143614865832756,49.999899818923815,42.37769246825661,30.37037119053818,,,1.445168087345979e-21,2.117582368135751e-15,3.814295240604521e-13,1.2506970861801778e-12
cuevas_cypa,G12C,2.2e-07,4.633e-05,full,0.0001893,6.8129206905796085e-06,1e-07,378.4955939210894,0.5,86399.99999999999,21600.0,86400.0,48.21414443245797,32.640049988197816,42.03151409407461,43.62309679611269,32.64453100815052,49.9998984122876,42.38693468326701,35.295960997782494,,,1.733913623933742e-21,1.9852334701272664e-15,1.936264377864127e-12,2.301547336367544e-13
cuevas_cypa,G12C,2.2e-07,4.633e-05,full,0.0001893,9.999999999999999e-06,1e-07,555.5555555555555,0.5,86399.99999999999,21600.0,86400.0,48.207404364698505,37.81961432586124,42.14357239020248,43.74464964049143,37.82317997541543,49.999896373962144,42.400038018420155,40.03568158056835,,,1.3279096224766156e-21,1.5881867761018131e-15,6.015786810077651e-12,1.3274594470250988e-12
cuevas_cypa,G12C,2.2e-07,4.633e-05,full,0.0001893,0.0,2e-07,0.0,1.0,86399.99999999999,21600.0,86400.0,69.51556310231229,0.0,0.0,0.0,0.0,92.09061957369425,7.246954115640838,10.45324864517386,69204.5907221272,19.223497422813114,3.2562868749427992e-21,1.852884572118782e-15,3.160491684442608e-13,3.148447934723836e-12
cuevas_cypa,G12C,2.2e-07,4.633e-05,full,0.0001893,1e-09,2e-07,0.05555555555555556,1.0,86399.99999999999,21600.0,86400.0,69.60461091675687,0.015926207445184498,0.1035409488670489,0.26413795895830583,0.01446034107442255,92.15725394220915,7.178235977886317,10.422370984589323,68707.75455833819,19.085487377316163,3.2562868749428113e-21,2.117582368135751e-15,5.152342599470299e-13,1.275049283413739e-12
cuevas_cypa,G12C,2.2e-07,4.633e-05,full,0.0001893,1.4677992676220676e-09,2e-07,0.08154440375678154,1.0,86399.99999999999,21600.0,86400.0,69.64610065970861,0.02337456522900575,0.1505940151991275,0.3864683658642378,0.021241922123327355,92.18778650526674,7.1467706532927995,10.408360966553673,68481.34199743859,19.022594999288497,3.2562868749427992e-21,2.9116757561866574e-15,5.005435322680881e-13,9.825582188149884e-13
cuevas_cypa,G12C,2.2e-07,4.633e-05,full,0.0001893,2.1544346900318866e-09,2e-07,0.1196908161128826,1.0,86399.99999999999,21600.0,86400.0,69.70680633241727,0.03430464375430889,0.21810702715982372,0.5645999249716177,0.03121524556491848,92.2318801719164,7.101354915722807,10.388288364835155,68157.35956882904,18.93259988023029,3.2562868749427992e-21,1.5881867761018131e-15,1.8691634865738256e-12,2.467380505572175e-12
cuevas_cypa,G12C,2.2e-07,4.633e-05,full,0.0001893,3.1622776601683795e-09,2e-07,0.17568209223157666,1.0,86399.99999999999,21600.0,86400.0,69.79548285348352,0.05034134139507248,0.3139564724399475,0.8229894651706072,0.04589493979562075,92.29507738647499,7.036315233736546,10.35986221171349,67691.10464148849,18.80308462263569,3.256286874942763e-21,1.852884572118782e-15,5.804822666652127e-13,1.240638569931533e-12
cuevas_cypa,G12C,2.2e-07,4.633e-05,full,0.0001893,4.641588833612773e-09,2e-07,0.25786604631182075,1.0,86399.99999999999,21600.0,86400.0,69.92470832201604,0.07386364612325448,0.44794790873703144,1.1956324681555068,0.06752732800288266,92.38465657899903,6.944232828967593,10.320301424379329,67028.61807186983,18.6190605755194,3.2562868749427992e-21,1.5881867761018131e-15,7.509873519695432e-12,7.590473998582599e-12
cuevas_cypa,G12C,2.2e-07,4.633e-05,full,0.0001893,6.812920690579622e-09,2e-07,0.3784955939210901,1.0,86399.99999999999,21600.0,86400.0,70.11231751159447,0.10834764359239096,0.6310963384753958,1.7283394016737976,0.09945563880140622,92.50960077807456,6.816017105236092,10.266675273338471,66111.1799304953,18.364216647359807,3.2562868749427992e-21,2.2499312661442353e-15,9.394124780642225e-13,8.956049928234141e-13
cuevas_cypa,G12C,2.2e-07,4.633e-05,full,0.0001893,1e-08,2e-07,0.5555555555555556,1.0,86399.99999999999,21600.0,86400.0,70.38307374113184,0.15885473949668683,0.8734609256931737,2.4796192086831153,0.14667400351968013,92.67985393884477,6.641737192718281,10.196855838006918,64860.76630128435,18.01687952813454,3.2562868749427992e-21,2.514629062161204e-15,2.657698220908376e-12,2.6149495268516353e-12
cuevas_cypa,G12C,2.2e-07,4.633e-05,full,0.0001893,1.4677992676220675e-08,2e-07,0.8154440375678154,1.0,86399.99999999999,21600.0,86400.0,70.77007672508792,0.23271234039115776,1.1798175531761113,3.516977873176674,0.2166603666518686,92.90426496084062,6.412821974334499,10.111506542471483,63208.00892195669,17.55778025609908,3.2562868749427992e-21,2.514629062161204e-15,3.26425322048126e-12,4.962554279726132e-12
cuevas_cypa,G12C,2.2e-07,4.633e-05,full,0.0001893,2.1544346900318822e-08,2e-07,1.1969081611288235,1.0,86399.99999999999,21600.0,86400.0,71.31447564215237,0.3404371229055432,1.5434471545867425,4.902151316757259,0.32058364650250226,93.18670399217814,6.1260978326225715,10.017365572942085,61118.72515690986,16.977423654697184,3.2562868749427992e-21,3.5734202462290796e-15,3.9641141931501256e-12,3.018613665777513e-12
cuevas_cypa,G12C,2.2e-07,4.633e-05,full,0.0001893,3.162277660168379e-08,2e-07,1.7568209223157663,1.0,86399.99999999999,21600.0,86400.0,72.05995886051952,0.4969521926522016,1.9410960653357734,6.6555670473383275,0.4748855042873461,93.5209195190094,5.788935479584408,9.93117585481555,58606.23573228045,16.27950992563346,3.2562868749428113e-21,2.6469779601696886e-15,2.194080031184655e-12,3.698622303745106e-12
cuevas_cypa,G12C,2.2e-07,4.633e-05,full,0.0001893,4.641588833612773e-08,2e-07,2.578660463118207,1.0,86399.99999999999,21600.0,86400.0,73.03576777019656,0.7231543567119157,2.3352269712438662,8.696955641436155,0.702893445213279,93.88699351676807,5.422418461159328,9.882023807974683,55777.73954032782,15.49381653897995,3.2562868749427992e-21,2.514629062161204e-15,5.220105235250643e-12,7.880715131915205e-12
cuevas_cypa,G12C,2.2e-07,4.633e-05,full,0.0001893,6.812920690579608e-08,2e-07,3.784955939210893,1.0,86399.99999999999,21600.0,86400.0,74.2235884186239,1.0478575547943731,2.687028197707579,10.798974150852791,1.0356502111399064,94.25379494276392,5.058165482229694,9.90951498189048,52834.76765046759,14.676324347352109,3.2562868749428113e-21,3.044024654195142e-15,8.218866566326883e-13,7.447272490937419e-13
cuevas_cypa,G12C,2.2e-07,4.633e-05,full,0.0001893,1e-07,2e-07,5.555555555555555,1.0,86399.99999999999,21600.0,86400.0,75.5236497494307,1.5099450455148675,2.972686114522827,12.650520118430542,1.5118098402307358,94.58857176290577,4.728250645653676,10.05860387623694,50020.04593954935,13.894457205430376,3.2562868749428113e-21,1.1911400820763599e-15,2.1983151959209263e-13,1.0685850025205033e-12
cuevas_cypa,G12C,2.2e-07,4.633e-05,full,0.0001893,1.4677992676220674e-07,2e-07,8.154440375678153,1.0,86399.99999999999,21600.0,86400.0,76.76760130642529,2.160145688007194,3.1894930701417774,14.048454713752237,2.1787409771518638,94.86798962446265,4.454496114309833,10.375962887899094,47574.14281006681,13.215039669463003,3.2562868749428113e-21,1.3234889800848443e-15,2.15609589745622e-12,2.4675128544701837e-12
cuevas_cypa,G12C,2.2e-07,4.633e-05,full,0.0001893,2.1544346900318822e-07,2e-07,11.969081611288235,1.0,86399.99999999999,21600.0,86400.0,77.80072356338879,3.061413124160949,3.34884075928405,15.005959347082172,3.0954718727957995,95.08350226258501,4.2440008073062945,10.911010507102574,45630.401805468966,12.675111612630268,3.2562868749428113e-21,1.5881867761018131e-15,2.061598784278162e-12,5.120578863948263e-13
cuevas_cypa,G12C,2.2e-07,4.633e-05,full,0.0001893,3.162277660168379e-07,2e-07,17.568209223157663,1.0,86399.99999999999,21600.0,86400.0,78.56253205750372,4.286726624606268,3.4653011229213755,15.650825745556215,4.332725236359235,95.23968707947552,4.091500104926675,11.719286605374903,44204.86151552343,12.279128198756508,3.2562868749428113e-21,2.514629062161204e-15,1.2309771003769137e-12,3.6078309597112855e-13
cuevas_cypa,G12C,2.2e-07,4.633e-05,full,0.0001893,4.6415888336127725e-07,2e-07,25.786604631182072,1.0,86399.99999999999,21600.0,86400.0,79.08405679029417,5.913552308008155,3.5506038254884373,16.095753276747722,5.9671169494161544,95.34819755658074,3.985411122506985,12.864036042459663,43217.20690950982,12.004779697086061,3.2562868749427992e-21,2.514629062161204e-15,6.061579528788587e-13,2.7832973251184275e-13
cuevas_cypa,G12C,2.2e-07,4.633e-05,full,0.0001893,6.812920690579608e-07,2e-07,37.84955939210894,1.0,86399.99999999999,21600.0,86400.0,79.42880715815559,8.015528639219834,3.6132478279139657,16.409393586819355,8.071992960612391,95.4214730373293,3.9136646046250414,14.414008540517743,42556.72345211567,11.82131207003213,3.2562868749428113e-21,1.3234889800848443e-15,6.909935965022972e-13,1.8383261933378487e-13
cuevas_cypa,G12C,2.2e-07,4.633e-05,full,0.0001893,1e-06,2e-07,55.55555555555556,1.0,86399.99999999999,21600.0,86400.0,79.65246089622677,10.653832535602435,3.6596430157037294,16.633757475006036,10.708563681359548,95.46959291466305,3.8665172310117195,16.438231084815435,42122.68286536773,11.700745240379925,3.2562868749427992e-21,2.117582368135751e-15,6.45862622281404e-13,5.092785595366481e-13
cuevas_cypa,G12C,2.2e-07,4.633e-05,full,0.0001893,1.4677992676220675e-06,2e-07,81.54440375678153,1.0,86399.99999999999,21600.0,86400.0,79.79424107272786,13.871527012615354,3.694722257609389,16.797164971941488,13.920367855626566,95.49987556217906,3.8368752186440753,18.999816159743027,41848.998108793785,11.624721696887162,3.2562868749427992e-21,1.5881867761018131e-15,3.2879436732247786e-12,1.42341239808125e-12
cuevas_cypa,G12C,2.2e-07,4.633e-05,full,0.0001893,2.1544346900318822e-06,2e-07,119.69081611288236,1.0,86399.99999999999,21600.0,86400.0,79.88010536317778,17.692333644797312,3.722212254327489,16.919564057335204,17.732107680870598,95.51742543476905,3.8197702769277107,22.150275198087122,41685.53501213222,11.579315281147839,3.2562868749427992e-21,1.9852334701272664e-15,2.5212465070616284e-12,5.541448359615243e-13
cuevas_cypa,G12C,2.2e-07,4.633e-05,full,0.0001893,3.162277660168379e-06,2e-07,175.68209223157663,1.0,86399.99999999999,21600.0,86400.0,79.9270578042976,22.121321068968566,3.744845244262755,17.015044320941,22.15019071404286,95.52575813159694,3.811767226802353,25.923830295241515,41601.27665459676,11.555910181832434,2.9253455541082325e-21,2.9116757561866574e-15,1.4660552130195837e-11,1.4555731802973117e-12
cuevas_cypa,G12C,2.2e-07,4.633e-05,full,0.0001893,4.641588833612773e-06,2e-07,257.8660463118207,1.0,86399.99999999999,21600.0,86400.0,79.94636967027829,27.14041282319342,3.7645459536939136,17.09336691433822,27.15796584636203,95.52730841986362,3.810479245578593,30.32765467420671,41574.719978447574,11.548533327346549,2.890336165642507e-21,2.3822801641527197e-15,5.031905102282578e-13,3.31401640613245e-13
cuevas_cypa,G12C,2.2e-07,4.633e-05,full,0.0001893,6.8129206905796085e-06,2e-07,378.4955939210894,1.0,86399.99999999999,21600.0,86400.0,79.94578660242851,32.67106098418424,3.782518769348344,17.160796441306427,32.6782507205255,95.52383994581014,3.814169599931554,35.3039280335877,41590.43061593819,11.552897393316163,3.467827237682721e-21,2.9116757561866574e-15,5.624563467564571e-12,5.573212095137279e-13
cuevas_cypa,G12C,2.2e-07,4.633e-05,full,0.0001893,9.999999999999999e-06,2e-07,555.5555555555555,1.0,86399.99999999999,21600.0,86400.0,79.93346346854275,37.869455031684815,3.797499726161673,17.21440045325667,37.86949694852933,95.5177500972772,3.820434382938204,40.07340314766872,41629.61662927713,11.563782397021425,2.6558192363587086e-21,1.3234889800848443e-15,1.2894753132966638e-12,5.571888606157194e-13
cuevas_cypa,G12C,2.2e-07,4.633e-05,full,0.0001893,0.0,1e-06,0.0,5.0,86399.99999999999,21600.0,86400.0,88.38826547998909,0.0,0.0,0.0,0.0,99.95989632523766,0.03808150246565557,8.524142604416909,23260.313226823568,6.461198118562102,1.6281433984052263e-20,2.117582368135751e-15,5.088815128426226e-13,7.868141986604399e-13
cuevas_cypa,G12C,2.2e-07,4.633e-05,full,0.0001893,1e-09,1e-06,0.05555555555555556,5.0,86399.99999999999,21600.0,86400.0,88.5208015130946,0.015847600528250117,0.0006082640571809161,0.14388861618339394,0.01585088083445533,99.96358134314302,0.03455276055341181,8.533738994650742,23116.084795951683,6.421134665542135,1.6281433984052263e-20,2.117582368135751e-15,4.18553389951832e-12,2.1030239893548176e-12
cuevas_cypa,G12C,2.2e-07,4.633e-05,full,0.0001893,1.4677992676220676e-09,1e-06,0.08154440375678154,5.0,86399.99999999999,21600.0,86400.0,88.58210598119751,0.023254439901327396,0.0008469383468034625,0.20934237609497722,0.02327139707543951,99.96515736704703,0.03304460192959401,8.538282772067033,23049.561596481504,6.40265599902264,1.6281433984052263e-20,3.3881317890172014e-15,1.5318061455501988e-12,2.0846274925316382e-12
cuevas_cypa,G12C,2.2e-07,4.633e-05,full,0.0001893,2.1544346900318866e-09,1e-06,0.1196908161128826,5.0,86399.99999999999,21600.0,86400.0,88.67128721472851,0.03411855872181647,0.0011517769594541585,0.3033056344145447,0.03416877256477336,99.96731639695126,0.03097960332117165,8.545007994436377,22954.29809488548,6.376193915245966,1.628143398405212e-20,2.752857078576476e-15,2.813472873864362e-12,6.1030047338652424e-12
cuevas_cypa,G12C,2.2e-07,4.633e-05,full,0.0001893,3.1622776601683795e-09,1e-06,0.17568209223157666,5.0,86399.99999999999,21600.0,86400.0,88.80045399774329,0.050048552209474836,0.0015148401226257428,0.43675581684919607,0.05017423616004425,99.97018532418781,0.0282376422276995,8.5549858542006,22818.186649431384,6.338385180397607,1.6281433984052167e-20,1.6940658945086007e-15,7.1862804640646875e-12,6.0603883887065104e-12
cuevas_cypa,G12C,2.2e-07,4.633e-05,full,0.0001893,4.641588833612773e-09,1e-06,0.25786604631182075,5.0,86399.99999999999,21600.0,86400.0,88.98631412288455,0.07339562404289408,0.001901656869946119,0.623252292362975,0.07368423451435077,99.97383646315753,0.02475170488431051,8.569824233484253,22623.010532399952,6.2841695923333205,1.6281433984052263e-20,5.082197683525802e-15,3.1725354341613802e-12,3.750503071764432e-12
cuevas_cypa,G12C,2.2e-07,4.633e-05,full,0.0001893,6.812920690579622e-09,1e-06,0.3784955939210901,5.0,86399.99999999999,21600.0,86400.0,89.25110994150826,0.10758983731714476,0.002240634111649608,0.8775806913485548,0.10821435742805312,99.97821405993025,0.02057819478581656,8.591926283235479,22350.426216327134,6.208451726757537,1.6281433984052263e-20,4.023406499457927e-15,6.980080880967469e-13,3.458541402757715e-12
cuevas_cypa,G12C,2.2e-07,4.633e-05,full,0.0001893,1e-08,1e-06,0.5555555555555556,5.0,86399.99999999999,21600.0,86400.0,89.62266570648087,0.1576211997343053,0.0024291687005941415,1.2116629982874543,0.15890289747987602,99.98305785385075,0.01596923976546031,8.624847125039134,21974.469082283726,6.104019189523257,1.6281433984052263e-20,4.870439446712227e-15,2.4336315365800117e-12,5.268280234125731e-12
cuevas_cypa,G12C,2.2e-07,4.633e-05,full,0.0001893,1.4677992676220675e-08,1e-06,0.8154440375678154,5.0,86399.99999999999,21600.0,86400.0,90.13196551314307,0.23071949118967955,0.0023736497390311737,1.6258357133102848,0.23320132068216293,99.98788887049511,0.01138426231259253,8.673763837319564,21472.00935007646,5.964447041687905,1.6281433984052167e-20,2.329340604949326e-15,3.160491684442608e-13,2.7314165570991016e-12
cuevas_cypa,G12C,2.2e-07,4.633e-05,full,0.0001893,2.1544346900318822e-08,1e-06,1.1969081611288235,5.0,86399.99999999999,21600.0,86400.0,90.80549586742345,0.33729703915366493,0.00205571713642428,2.0950885459925823,0.3417676563680539,99.99213211947843,0.007370245144947733,8.746090093901742,20822.31610500055,5.783976695833487,1.6281433984052263e-20,6.776263578034403e-15,1.2686965363093317e-12,2.121685183974014e-12
cuevas_cypa,G12C,2.2e-07,4.633e-05,full,0.0001893,3.162277660168379e-08,1e-06,1.7568209223157663,5.0,86399.99999999999,21600.0,86400.0,91.64967804405889,0.4922191649852628,0.0015690321126072717,2.556889490870986,0.4995590681425998,99.99535714135118,0.004331469976373809,8.852316193306322,20021.387186941127,5.561496440816979,1.6281433984052167e-20,5.293955920339377e-15,2.749548356126264e-12,4.368572425464054e-12
cuevas_cypa,G12C,2.2e-07,4.633e-05,full,0.0001893,4.641588833612773e-08,1e-06,2.578660463118207,5.0,86399.99999999999,21600.0,86400.0,92.63010871233284,0.7164418675372213,0.0010684726770131517,2.919584735014385,0.7272047251106862,99.99746999725295,0.00234960885451706,9.007196674666078,19088.604115373495,5.302390032048193,1.6281433984052167e-20,3.5998900258307764e-15,1.1131865811493625e-12,3.233415927245283e-12
cuevas_cypa,G12C,2.2e-07,4.633e-05,full,0.0001893,6.812920690579608e-08,1e-06,3.784955939210893,5.0,86399.99999999999,21600.0,86400.0,93.66140858701345,1.0389767664425913,0.0006711918245638978,3.107413443211717,1.0529490188050525,99.99868087742013,0.0012192981242035586,9.231345934788111,18079.81484118994,5.022170789219428,1.6281433984052167e-20,1.9058241313221758e-15,1.1591116487583066e-12,2.7160640849301174e-12
cuevas_cypa,G12C,2.2e-07,4.633e-05,full,0.0001893,1e-07,1e-06,5.555555555555555,5.0,86399.99999999999,21600.0,86400.0,94.62891760678947,1.4989678355022784,0.0004083721262412154,3.1139078687243185,1.515224864538324,99.99930932017439,0.0006355119165449509,9.553125798457383,17074.378878878466,4.742883021910685,1.6281433984052263e-20,6.564505341220828e-15,2.2901653311388145e-12,1.3688846521017544e-12
cuevas_cypa,G12C,2.2e-07,4.633e-05,full,0.0001893,1.4677992676220674e-07,1e-06,8.154440375678153,5.0,86399.99999999999,21600.0,86400.0,95.43673816504065,2.147360292426525,0.00025343789306136967,3.003380107455856,2.1648451701817573,99.99961864428867,0.0003494608445853816,10.010526377857754,16166.83920406819,4.4907886677967195,1.6281433984052167e-20,4.658681209898652e-15,1.1804198213376726e-12,3.8195891965248606e-13
cuevas_cypa,G12C,2.2e-07,4.633e-05,full,0.0001893,2.1544346900318822e-07,1e-06,11.969081611288235,5.0,86399.99999999999,21600.0,86400.0,96.04440155288843,3.0472459251004347,0.00016701533970279312,2.858034773698514,3.065249292679923,99.99976990189973,0.0002101262490600218,10.652533777453506,15428.606930133168,4.285724147259214,1.6281433984052263e-20,3.5998900258307764e-15,3.0207312481456486e-12,1.2682994896153063e-12
cuevas_cypa,G12C,2.2e-07,4.633e-05,full,0.0001893,3.162277660168379e-07,1e-06,17.568209223157663,5.0,86399.99999999999,21600.0,86400.0,96.46738355723215,4.271713459290801,0.00011930248087830941,2.7301223770545326,4.2898873736330545,99.99984595516673,0.00014028604868659956,11.539282854166952,14884.707522823168,4.134640978561991,1.6281433984052167e-20,2.329340604949326e-15,3.1816675081239656e-13,2.983144161111239e-13
cuevas_cypa,G12C,2.2e-07,4.633e-05,full,0.0001893,4.6415888336127725e-07,1e-06,25.786604631182072,5.0,86399.99999999999,21600.0,86400.0,96.74996507274021,5.898358445592062,9.226577531951773e-05,2.6348601190251513,5.916476187026157,99.99988630049673,0.00010332558742712103,12.740200563419396,14506.764120972384,4.029656700270107,1.6281433984052263e-20,4.658681209898652e-15,5.456745064889813e-13,4.54618464659144e-13
cuevas_cypa,G12C,2.2e-07,4.633e-05,full,0.0001893,6.812920690579608e-07,1e-06,37.84955939210894,5.0,86399.99999999999,21600.0,86400.0,96.93655075685804,8.000958699709502,7.644542517278815e-05,2.5685854991793966,8.018723985383215,99.99990886381467,8.269166343131422e-05,14.329824172220407,14253.221218797386,3.959228116332607,1.6281433984052263e-20,5.717472393966527e-15,6.090696286350453e-13,5.61159327555974e-14
cuevas_cypa,G12C,2.2e-07,4.633e-05,full,0.0001893,1e-06,1e-06,55.55555555555556,5.0,86399.99999999999,21600.0,86400.0,97.05986066748882,10.640774727237364,6.684708627349659e-05,2.5237097926960628,10.65777208501997,99.9999221348607,7.057097194198608e-05,16.381889396154513,14083.86169600517,3.9121838044458803,1.6281433984052167e-20,2.329340604949326e-15,1.74303498677174e-12,2.1533165705980416e-13
cuevas_cypa,G12C,2.2e-07,4.633e-05,full,0.0001893,1.4677992676220675e-06,1e-06,81.54440375678153,5.0,86399.99999999999,21600.0,86400.0,97.14152847834741,13.860825419454823,6.085296747709884e-05,2.493814421846811,13.876574194956643,99.9999302515917,6.31646966819906e-05,18.963074455218152,13970.659019148528,3.880738616430147,1.6281433984052167e-20,4.023406499457927e-15,1.4175890465688767e-12,4.947201807557148e-13
cuevas_cypa,G12C,2.2e-07,4.633e-05,full,0.0001893,2.1544346900318822e-06,1e-06,119.69081611288236,5.0,86399.99999999999,21600.0,86400.0,97.19551599434571,17.684632800868147,5.706469773393216e-05,2.4743024606936914,17.69868924119897,99.99993531957584,5.854328152303442e-05,22.127452049674886,13894.95725852384,3.8597103495899554,1.6281433984052263e-20,3.3881317890172014e-15,1.5204241403214691e-12,6.697118937025329e-12
cuevas_cypa,G12C,2.2e-07,4.633e-05,full,0.0001893,3.162277660168379e-06,1e-06,175.68209223157663,5.0,86399.99999999999,21600.0,86400.0,97.23087952113521,22.11694411750693,5.467902336615619e-05,2.462018958763944,22.129001950473562,99.99993849814061,5.564598478878324e-05,25.91099210856852,13846.21375164215,3.8461704865672637,1.462672740580571e-20,4.870439446712227e-15,2.741607422245755e-12,9.121486050744747e-13
cuevas_cypa,G12C,2.2e-07,4.633e-05,full,0.0001893,4.641588833612773e-06,1e-06,257.8660463118207,5.0,86399.99999999999,21600.0,86400.0,97.25355990443033,27.13932637780049,5.3188778141276735e-05,2.4548155598407417,27.149265757749216,99.99994048966636,5.383136085418558e-05,30.32201555218333,13814.724194693947,3.8374233874149852,1.4451680466203198e-20,5.929230630780102e-15,1.241432663319584e-12,1.3207096532266661e-12
cuevas_cypa,G12C,2.2e-07,4.633e-05,full,0.0001893,6.8129206905796085e-06,1e-06,378.4955939210894,5.0,86399.99999999999,21600.0,86400.0,97.2674770952441,32.67288511717013,5.232796700747298e-05,2.4512178559201456,32.68079351346585,99.99994166356468,5.2761729566637374e-05,35.3033982352223,13795.25515838121,3.832015321772558,1.7339135781079565e-20,3.5998900258307764e-15,3.445955022557108e-11,3.3379715566719858e-12
cuevas_cypa,G12C,2.2e-07,4.633e-05,full,0.0001893,9.999999999999999e-06,1e-06,555.5555555555555,5.0,86399.99999999999,21600.0,86400.0,97.2746942360172,37.87320756000882,5.190037426827766e-05,2.4501663132642095,37.879622220630374,99.99994226819072,5.221097261233369e-05,40.07589595619653,13785.05657018036,3.8291823806056557,1.3279095838030804e-20,2.117582368135751e-15,1.4271049323356867e-11,1.007042764946558e-12
cuevas_cypa,G12C,2.2e-07,4.633e-05,full,0.0001893,0.0,1e-05,0.0,50.00000000000001,86399.99999999999,21600.0,86400.0,90.74000316439218,0.0,0.0,0.0,0.0,99.98358745571127,0.015663402607752085,8.517187926949987,20834.403978988496,5.787334438607916,1.6281429589025097e-19,3.388131789017201e-15,4.980289032059269e-13,4.8878565616901435e-11
cuevas_cypa,G12C,2.2e-07,4.633e-05,full,0.0001893,1e-09,1e-05,0.05555555555555556,50.00000000000001,86399.99999999999,21600.0,86400.0,90.86845835231739,0.015845753955365756,0.00024682131017871083,0.1212158806121222,0.015964120221784214,99.98531460741646,0.014004185555851154,8.527472469318376,20704.2349309138,5.751176369698278,1.6281429589025212e-19,2.371692252312041e-15,3.511216264165092e-13,5.781264562806617e-12
cuevas_cypa,G12C,2.2e-07,4.633e-05,full,0.0001893,1.4677992676220676e-09,1e-05,0.08154440375678154,50.00000000000001,86399.99999999999,21600.0,86400.0,90.92771385256917,0.023251851057004853,0.00034135925741128094,0.1760674440014947,0.02343394738326107,99.98604472373849,0.013303214644725005,8.532309867834224,20645.53403328449,5.7348705648012475,1.6281429589025097e-19,4.404571325722362e-15,1.0186894679713046e-12,5.29353240386575e-11
cuevas_cypa,G12C,2.2e-07,4.633e-05,full,0.0001893,2.1544346900318866e-09,1e-05,0.1196908161128826,50.00000000000001,86399.99999999999,21600.0,86400.0,91.01372857004162,0.034115004210545384,0.0004597327226412459,0.2544856213189949,0.03439950909562524,99.98703617742613,0.012351775242231544,8.539436504243714,20560.325332679677,5.71120148129991,1.6281429589025212e-19,2.7105054312137607e-15,5.336307567702092e-13,7.785423925349096e-12
cuevas_cypa,G12C,2.2e-07,4.633e-05,full,0.0001893,3.1622776601683795e-09,1e-05,0.17568209223157666,50.00000000000001,86399.99999999999,21600.0,86400.0,91.13792018532271,0.0500438141747078,0.0005963192545243559,0.3651800634112244,0.050496125554244486,99.98833717279824,0.011104106307582165,8.549946049424134,20437.2529218891,5.67701470052475,1.6281429589025097e-19,3.7269449679189215e-15,6.193928426797071e-13,4.1980541052699227e-11
cuevas_cypa,G12C,2.2e-07,4.633e-05,full,0.0001893,4.641588833612773e-09,1e-05,0.25786604631182075,50.00000000000001,86399.99999999999,21600.0,86400.0,91.31580080699895,0.07338956554118196,0.0007341203541145368,0.5184838777421543,0.07412107565235267,99.98996348757626,0.009545894549725563,8.56545757764717,20261.290380551047,5.628136216819735,1.6281429589025212e-19,3.218725199566341e-15,8.793260783683705e-13,5.408570066014725e-12
cuevas_cypa,G12C,2.2e-07,4.633e-05,full,0.0001893,6.812920690579622e-09,1e-05,0.3784955939210901,50.00000000000001,86399.99999999999,21600.0,86400.0,91.56752423051641,0.10758251899890098,0.0008419494728424835,0.7247635610774129,0.10878089489795117,99.99186565915802,0.007725718341764957,8.588359678213,20016.834854077017,5.5602319039102825,1.6281429589025212e-19,3.5575383784680614e-15,2.831207626197499e-12,7.035045378310392e-11
cuevas_cypa,G12C,2.2e-07,4.633e-05,full,0.0001893,1e-08,1e-05,0.5555555555555556,50.00000000000001,86399.99999999999,21600.0,86400.0,91.91729483585952,0.15761300532577993,0.0008801072140461518,0.9903820314716089,0.1595818412681125,99.99390129601113,0.00578122978313993,8.622153214087335,19679.376594257614,5.466493498404892,1.6281429589025097e-19,3.7269449679189215e-15,1.4533232490311675e-12,2.9168373632089883e-12
cuevas_cypa,G12C,2.2e-07,4.633e-05,full,0.0001893,1.4677992676220675e-08,1e-05,0.8154440375678154,50.00000000000001,86399.99999999999,21600.0,86400.0,92.39005111078477,0.23071115265357814,0.0008200265705975808,1.3100253454067403,0.23390014694707914,99.9958435464149,0.003930210242941708,8.671920441192572,19227.3987200911,5.340944088914195,1.6281429589025212e-19,2.8799120206646208e-15,3.375241006351175e-11,9.667557603927754e-12
cuevas_cypa,G12C,2.2e-07,4.633e-05,full,0.0001893,2.1544346900318822e-08,1e-05,1.1969081611288235,50.00000000000001,86399.99999999999,21600.0,86400.0,93.00313033107088,0.33728945743105787,0.0006691273531992552,1.656304060132949,0.3422603856698264,99.99745647469493,0.0023975310644781347,8.74496705406629,18642.19538147778,5.1783876059660505,1.6281429589025212e-19,2.371692252312041e-15,2.552877893685656e-12,3.7739288267119335e-12
cuevas_cypa,G12C,2.2e-07,4.633e-05,full,0.0001893,3.162277660168379e-08,1e-05,1.7568209223157663,50.00000000000001,86399.99999999999,21600.0,86400.0,93.75179949822036,0.4922130402130102,0.00047584541329116894,1.9740429176820928,0.4994614958955709,99.99860192348591,0.0013129227953638377,8.851711328073897,17922.181576731957,4.978383771314433,1.6281429589025097e-19,1.6940658945086005e-15,3.891851694837493e-12,4.65974000108272e-12
cuevas_cypa,G12C,2.2e-07,4.633e-05,full,0.0001893,4.641588833612773e-08,1e-05,2.578660463118207,50.00000000000001,86399.99999999999,21600.0,86400.0,94.5938794502493,0.7164374441104613,0.0002995084959704336,2.1941553176164024,0.7260808261061578,99.99929605948954,0.0006583228081386126,9.006905949728853,17084.283334759413,4.745634259655392,1.6281429589025097e-19,3.8963515573697816e-15,3.170550200691253e-12,2.8638978040055945e-12
cuevas_cypa,G12C,2.2e-07,4.633e-05,full,0.0001893,6.812920690579608e-08,1e-05,3.784955939210893,50.00000000000001,86399.99999999999,21600.0,86400.0,95.44874890357895,1.038973829044991,0.00017337473114042106,2.2720192738003373,1.05055852359023,99.99966189690812,0.00031483024359754697,9.231217371487313,16176.5770233823,4.493493617606195,1.6281429589025212e-19,1.8634724839594607e-15,7.312408963866773e-12,9.374272445940952e-12
cuevas_cypa,G12C,2.2e-07,4.633e-05,full,0.0001893,1e-07,1e-05,5.555555555555555,50.00000000000001,86399.99999999999,21600.0,86400.0,96.2233482169969,1.498966102739036,9.749921193029221e-05,2.2200021837841835,1.5116784836455432,99.99983642690093,0.00015167961615570054,9.553071880536336,15273.338269783155,4.2425939638286545,1.6281429589025212e-19,1.1858461261560205e-15,3.1775646922857026e-12,4.123859313046366e-12
cuevas_cypa,G12C,2.2e-07,4.633e-05,full,0.0001893,1.4677992676220674e-07,1e-05,8.154440375678153,50.00000000000001,86399.99999999999,21600.0,86400.0,96.85112512552321,2.147358703180415,5.631092964146049e-05,2.095982483473348,2.1604755399775084,99.99991597288981,7.76252860835222e-05,10.010500909586396,14457.04900139888,4.015846944833022,1.6281429589025212e-19,1.3552527156068803e-15,1.410574554974427e-12,1.4946161052098146e-12
cuevas_cypa,G12C,2.2e-07,4.633e-05,full,0.0001893,2.1544346900318822e-07,1e-05,11.969081611288235,50.00000000000001,86399.99999999999,21600.0,86400.0,97.31306899962395,3.0472455108108676,3.499927212930694e-05,1.9608552798927676,3.060380194114265,99.99995219359799,4.402416134854318e-05,10.652524369882363,13794.772527339173,3.831881257594215,1.6281429589025212e-19,2.7105054312137607e-15,7.666971661631503e-13,7.546534164443782e-13
cuevas_cypa,G12C,2.2e-07,4.633e-05,full,0.0001893,3.162277660168379e-07,1e-05,17.568209223157663,50.00000000000001,86399.99999999999,21600.0,86400.0,97.63025547680367,4.27171293303184,2.3783233621165577e-05,1.8486888844096696,4.284742197358373,99.99996955842172,2.7961992054071635e-05,11.539277669977297,13304.64043931216,3.6957334553644885,1.6281429589025097e-19,2.202285662861181e-15,1.6380823106510118e-12,1.7226532564784333e-12
cuevas_cypa,G12C,2.2e-07,4.633e-05,full,0.0001893,4.6415888336127725e-07,1e-05,25.786604631182072,50.00000000000001,86399.99999999999,21600.0,86400.0,97.84072223941088,5.898357811939108,1.7722315893735907e-05,1.7666407195784304,5.911218897818083,99.99997835366692,1.984442578868681e-05,12.740197314699815,12965.614623400503,3.601559617611251,1.6281429589025097e-19,1.5246593050577404e-15,4.657357720918567e-13,2.2115500857217748e-13
cuevas_cypa,G12C,2.2e-07,4.633e-05,full,0.0001893,6.812920690579608e-07,1e-05,37.84955939210894,50.00000000000001,86399.99999999999,21600.0,86400.0,97.97942789639525,8.000958316380801,1.4286198019058175e-05,1.709575784902215,8.013517532815392,99.99998312028029,1.545223384277426e-05,14.329822498459164,12736.024681263292,3.537784633684248,1.6281429589025212e-19,3.218725199566341e-15,3.0810823456375175e-13,3.0109374296930207e-13
cuevas_cypa,G12C,2.2e-07,4.633e-05,full,0.0001893,1e-06,1e-05,55.55555555555556,50.00000000000001,86399.99999999999,21600.0,86400.0,98.07130769366466,10.64077436869288,1.2230489897333236e-05,1.6705226371774389,10.652799434722965,99.99998588143518,1.2911062664858014e-05,16.381888309711687,12582.334437634296,3.49509289934286,1.6281429589025212e-19,3.218725199566341e-15,3.861279099397533e-12,1.1203334216418207e-12
cuevas_cypa,G12C,2.2e-07,4.633e-05,full,0.0001893,1.4677992676220675e-06,1e-05,81.54440375678153,50.00000000000001,86399.99999999999,21600.0,86400.0,98.13261108726722,13.860826552656825,1.0910888646056291e-05,1.6439124359215516,13.872023696009663,99.99998760670545,1.1324919362823987e-05,18.963075704797756,12478.560785707397,3.4662668849187215,1.6281429589025212e-19,5.9292306307801016e-15,9.93940224043718e-13,8.356509420255707e-13
cuevas_cypa,G12C,2.2e-07,4.633e-05,full,0.0001893,2.1544346900318822e-06,1e-05,119.69081611288236,50.00000000000001,86399.99999999999,21600.0,86400.0,98.17375107689593,17.684633686688912,1.0137347224247613e-05,1.6258102712970695,17.694722619854534,99.9999886132223,1.039974329893334e-05,22.127452991956424,12409.24014441691,3.4470111512269193,1.6281429589025212e-19,3.7269449679189215e-15,2.567833319160615e-12,6.216427739458514e-13
cuevas_cypa,G12C,2.2e-07,4.633e-05,full,0.0001893,3.162277660168379e-06,1e-05,175.68209223157663,50.00000000000001,86399.99999999999,21600.0,86400.0,98.20145391305029,22.116945713003314,9.600523362498177e-06,1.613523387333065,22.12572474990369,99.9999892987385,9.770111176647295e-06,25.910993881906656,12362.134068490106,3.4339261301361406,1.4626723302526634e-19,3.7269449679189215e-15,2.0303644443481596e-12,3.3351922298138076e-13
cuevas_cypa,G12C,2.2e-07,4.633e-05,full,0.0001893,4.641588833612773e-06,1e-05,257.8660463118207,50.00000000000001,86399.99999999999,21600.0,86400.0,98.22011538538187,27.13932560545892,9.248109673773208e-06,1.605223668171106,27.14671263767374,99.99998974569009,9.35971958384612e-06,30.322014640414814,12330.202321615,3.4250562004486107,1.4451676393668408e-19,1.3552527156068803e-15,7.73182262165566e-13,7.918434567847623e-13
cuevas_cypa,G12C,2.2e-07,4.633e-05,full,0.0001893,6.8129206905796085e-06,1e-05,378.4955939210894,50.00000000000001,86399.99999999999,21600.0,86400.0,98.23260520837275,32.672884773798756,9.0235670810591e-06,1.5996841800579336,32.6789228785439,99.99999003043231,9.098281148517356e-06,35.30339783863144,12308.7379652758,3.419093879243278,1.7339131198367194e-19,3.049318610115481e-15,2.3391344234019538e-12,7.930345968668387e-13
cuevas_cypa,G12C,2.2e-07,4.633e-05,full,0.0001893,9.999999999999999e-06,1e-05,555.5555555555555,50.00000000000001,86399.99999999999,21600.0,86400.0,98.24009243255067,37.873211012245704,8.939113648426323e-06,1.5963922624418414,37.87824424308154,99.99999014528342,8.992548802657364e-06,40.07589958996235,12295.831773391887,3.4155088259421906,1.3279091970617019e-19,3.5575383784680614e-15,2.4000149164858566e-12,3.9466441386130056e-13
