scenario,off_M,off_over_RAS,wt_threshold_pct,on_edge_M,on_edge_over_KD2,edge_found,wt_occupancy_at_edge_pct,benefit_at_edge_pct,benefit_at_on0_pct,benefit_max_on_grid_pct,gain_at_edge_pct,gain_max_pct,gain_fraction,benefit_ratio_absolute,wt_lift_vs_off0_x,bisection_iters,t_benefit_s,t_cost_s
cuevas_dmso,0.0,0.0,1.0,8.493660750324369e-08,4.718700416846872,True,1.0000000937436095,0.0,0.0,0.0,0.0,0.0,,,0.9772296078849099,26,21600.0,86400.0
cuevas_dmso,0.0,0.0,5.0,3.8147143726772203e-07,21.19285762598456,True,4.999998934582922,0.0,0.0,0.0,0.0,0.0,,,0.9898082841747848,26,21600.0,86400.0
cuevas_dmso,1e-07,0.5,1.0,7.088573992263745e-08,3.9380966623687472,True,0.9999998084927262,45.79182650256955,43.56792768304226,48.21332168272167,2.2238988195272924,4.645393999679413,0.47873201275947047,0.9497753920360995,1.2108332334917566,26,21600.0,86400.0
cuevas_dmso,1e-07,0.5,5.0,3.7362647624689816e-07,20.75702645816101,True,4.999999074805733,47.81737388408703,43.56792768304226,48.21332168272167,4.249446201044776,4.645393999679413,0.9147655077993466,0.9917875851566449,1.0088149528575903,26,21600.0,86400.0
cuevas_dmso,2e-07,1.0,1.0,6.486841636779217e-08,3.6038009093217873,True,0.9999999361747591,72.58562490271252,66.50013040529583,79.93471626031472,6.08549449741669,13.43458585501888,0.45297224366192695,0.9080613317789331,1.3361897398284424,26,21600.0,86400.0
cuevas_dmso,2e-07,1.0,5.0,3.790149282102046e-07,21.056384900566922,True,5.000000489167264,78.60600730731304,66.50013040529583,79.93471626031472,12.1058769020172,13.43458585501888,0.9010978851644093,0.9833775734103488,0.9956406491989481,26,21600.0,86400.0
cuevas_dmso,1e-06,5.0,1.0,6.547757856862529e-08,3.6376432538125165,True,0.9999998899528866,92.49356968178306,85.25098238188025,97.27053147680842,7.242587299902809,12.019549094928166,0.6025673045388141,0.9508899383759993,1.324660264318986,26,21600.0,86400.0
cuevas_dmso,1e-06,5.0,5.0,3.8040864890660416e-07,21.133813828144678,True,4.999998565262821,96.49232511114919,85.25098238188025,97.27053147680842,11.241342729268936,12.019549094928166,0.9352549451303788,0.9919995670441589,0.9923183756360188,26,21600.0,86400.0
cuevas_dmso,1e-05,50.00000000000001,1.0,6.547793802781132e-08,3.6376632237672957,True,1.0000000810151004,94.5096401771102,87.8849861318755,98.23705593510796,6.624654045234706,10.352069803232467,0.6399352178987565,0.9620569272713143,1.3246538042225386,26,21600.0,86400.0
cuevas_dmso,1e-05,50.00000000000001,5.0,3.804088577430463e-07,21.13382543016924,True,4.99999825740962,97.64871628861006,87.8849861318755,98.23705593510796,9.763730156734567,10.352069803232467,0.9431669552388268,0.9940110211885163,0.9923178193535603,26,21600.0,86400.0
cuevas_cypa,0.0,0.0,1.0,8.476272184954135e-08,4.709040102752297,True,0.9999997652307705,0.0,0.0,0.0,0.0,0.0,,,0.9772191740744927,26,21600.0,86400.0
cuevas_cypa,0.0,0.0,5.0,3.8153489675503837e-07,21.19638315305769,True,5.000000174796429,0.0,0.0,0.0,0.0,0.0,,,0.9897912024950642,26,21600.0,86400.0
cuevas_cypa,1e-07,0.5,1.0,7.083353551071141e-08,3.9351964172617455,True,0.999999786623927,46.35824665940895,44.86124694421964,48.217769512371525,1.496999715189311,3.356522568151888,0.4459972143174249,0.9614349051860338,1.2089311255672204,26,21600.0,86400.0
cuevas_cypa,1e-07,0.5,5.0,3.7368760495493615e-07,20.760422497496453,True,4.999998874083218,47.89100293948693,44.86124694421964,48.217769512371525,3.029755995267294,3.356522568151888,0.9026472886000845,0.9932231089038502,1.008791465184173,26,21600.0,86400.0
cuevas_cypa,2e-07,1.0,1.0,6.489349164049947e-08,3.605193980027748,True,1.0000002343580212,74.0638175637418,69.51556310231229,79.94636967027829,4.548254461429508,10.430806567966002,0.4360405335669467,0.9264187713488702,1.3321288244458103,26,21600.0,86400.0
cuevas_cypa,2e-07,1.0,5.0,3.790367763223323e-07,21.057598684574018,True,5.00000054570217,78.83488981684073,69.51556310231229,79.94636967027829,9.319326714528444,10.430806567966002,0.8934425783667566,0.9860971816728937,0.9957193732308147,26,21600.0,86400.0
cuevas_cypa,1e-06,5.0,1.0,6.54777942439001e-08,3.637655235772228,True,1.0000002135681578,93.55571291801579,88.38826547998909,97.2746942360172,5.167447438026699,8.88642875602811,0.5814987752556233,0.9617682548661828,1.3211156590283544,26,21600.0,86400.0
cuevas_cypa,1e-06,5.0,5.0,3.804088577430463e-07,21.13382543016924,True,5.000000950941777,96.61801127236377,88.38826547998909,97.2746942360172,8.229745792374686,8.88642875602811,0.9261027144106723,0.9932491901536065,0.9924498949815939,26,21600.0,86400.0
cuevas_cypa,1e-05,50.00000000000001,1.0,6.547797397383846e-08,3.6376652207688034,True,0.9999996898785428,95.36255701193365,90.74000316439218,98.24009243255068,4.622553847541468,7.500089268158504,0.6163331771484959,0.9707091539781206,1.3211116225955595,26,21600.0,86400.0
cuevas_cypa,1e-05,50.00000000000001,5.0,3.804088577430463e-07,21.13382543016924,True,5.0000013647468915,97.74254712014735,90.74000316439218,98.24009243255068,7.002543955755172,7.500089268158504,0.9336614146026698,0.9949354148588069,0.9924499771177467,26,21600.0,86400.0
