G12D_x,G12D_y,,G12A_x,G12A_y,,G12S_x,G12S_y,,G12C_x,G12C_y,,G12V_x,G12V_y,,G12R_x,G12R_y,,G13D_x,G13D_y
0.03040679359,0.06217172714,,1.178468703,0.03614380971,,2.965895083,0.02834272522,,11.53568004,0.1367832678,,8.062731133,0.0681227881,,7.461991508,0.04389021371,,23.35734831,0.1462794477
1.049445281,0.1332928293,,2.331461444,0.07507632486,,5.969593206,0.08757993226,,18.16600466,0.1833163723,,14.22955759,0.1102814527,,12.68374195,0.06865136625,,32.50157513,0.1928490059
1.948500205,0.1843917554,,3.424462402,0.1155125537,,10.38350911,0.1570332792,,26.35693741,0.2329662652,,22.2101082,0.1693181646,,17.2299685,0.0884912739,,41.93836461,0.2388899859
2.931379263,0.2512933457,,5.242295576,0.1647523429,,14.98890563,0.2268055956,,34.01780578,0.2820328994,,30.72647583,0.209417197,,23.18559101,0.1062897763,,50.39309684,0.2869268041
3.961101219,0.3132463508,,7.9632927,0.2486048878,,20.43665251,0.2822333946,,41.45432133,0.3134012789,,38.71935351,0.24629008,,30.33447473,0.1326731169,,59.11080674,0.3158619014
5.553759759,0.4114889804,,10.51746336,0.3284839832,,25.76112861,0.3473123016,,50.64210382,0.3549128909,,45.97918093,0.2852772757,,41.7008629,0.1679329253,,67.01082044,0.3402858575
7.673195453,0.5129304191,,13.50965621,0.4141045309,,33.56416929,0.407761593,,58.09505547,0.3853152483,,54.47418162,0.3277822501,,48.93767977,0.1908713945,,75.50910834,0.3812233243
9.657855088,0.6167504595,,20.56156691,0.5505323754,,39.68250925,0.4614122758,,64.72866731,0.4076704589,,62.21969593,0.3606999104,,56.51554582,0.21230615,,82.93494042,0.4005255403
12.09697302,0.6987074138,,25.16778523,0.6192839892,,46.52485961,0.5058219542,,71.39926038,0.426362076,,72.06820983,0.3944104379,,65.13710451,0.2337864727,,88.40323243,0.427346325
16.13203671,0.7989094278,,29.39515135,0.6639306165,,53.65073278,0.5478348041,,79.45377346,0.4552698331,,82.81084783,0.4401597886,,73.02396932,0.2578732324,,,
21.64717162,0.8927958443,,35.60882071,0.728954843,,61.18915217,0.5894466637,,85.97726339,0.4740070173,,90.26215587,0.4618497198,,81.73263936,0.2835821802,,,
28.5076017,0.9586220514,,41.99589097,0.7725716542,,68.22955759,0.6317420296,,90.47746884,0.4818081018,,,,,90.34187098,0.3090724061,,,
35.47075743,0.9950392636,,48.6590878,0.8027370627,,75.48363238,0.6848276805,,,,,,,,,,,,
42.59252157,1.024539393,,55.97068895,0.8347980619,,82.6653883,0.7134802619,,,,,,,,,,,,
49.99369949,1.044798518,,64.72209286,0.869419931,,90.33365292,0.7501344229,,,,,,,,,,,,
56.80728667,1.059589592,,73.41514861,0.9033036135,,,,,,,,,,,,,,,
63.25927955,1.076130443,,81.74989727,0.9400489087,,,,,,,,,,,,,,,
70.79934256,1.079019396,,90.23257088,0.9682002521,,,,,,,,,,,,,,,
77.55458156,1.084031775,,,,,,,,,,,,,,,,,,
84.23092727,1.084031775,,,,,,,,,,,,,,,,,,
90.35008903,1.086155201,,,,,,,,,,,,,,,,,,