variant,ras_M,effector_M,gap_M,total_gtp_pct,total_gdp_pct,total_free_pct,mutant_gtp_pct,mutant_gdp_pct,mutant_free_pct
G12C,4e-07,2e-07,6e-11,48.25878950037068,51.74120160739321,8.89223611843808e-06,72.99101822408815,27.008971989182296,9.78672955719289e-06
G12C,4e-07,4e-07,6e-11,50.466432658725815,49.533560457440245,6.883833936731645e-06,75.36503123500704,24.634961999587766,6.765405178890935e-06
G12C,4e-07,8e-07,6e-11,52.79638236640834,47.20361264091313,4.992678548321664e-06,77.6049653601,22.395030691789287,3.948110722934623e-06
G12C,2e-07,1e-07,4e-11,45.92737161349472,54.072619093742745,9.292762530688111e-06,73.71686784181982,26.283121620429828,1.053775034794655e-05
G12C,2e-07,2e-07,4e-11,47.5297530670087,52.470239233899704,7.699091600866146e-06,75.57644439782558,24.423547607552926,7.994621484639319e-06
G12C,2e-07,4e-07,4e-11,49.50558297995504,50.49441107359372,5.946451247639813e-06,77.61548459301405,22.384510187111413,5.219874535646729e-06
G12C,8e-07,4e-07,1e-10,47.540874957860055,52.4591166377795,8.404360448868072e-06,71.19926492500268,28.80072603538533,9.039611990943781e-06
G12C,8e-07,8e-07,1e-10,50.520157262075735,49.479836626513155,6.111411094477978e-06,74.20413060410448,25.79586376685199,5.6290435262813635e-06
G12C,8e-07,1.6e-06,1e-10,53.1417511492521,46.85824450364931,4.347098580222825e-06,76.53441018256643,23.46558675690713,3.0605264281654953e-06
G12D,4e-07,2e-07,6e-11,41.20082869666956,58.799148535245024,2.2768085395952086e-05,55.372917277891155,44.627058952803104,2.376930574911116e-05
G12D,4e-07,4e-07,6e-11,46.48181514813953,53.51816734216056,1.7509699902976238e-05,62.99922354652556,37.00076018954549,1.6263928947135933e-05
G12D,4e-07,8e-07,6e-11,52.0668634292346,47.93312444780209,1.2122963296189511e-05,71.06274880938096,28.93724270506719,8.485551842975197e-06
G12D,2e-07,1e-07,4e-11,39.6441580731612,60.35581756940624,2.4357432559450173e-05,54.62506111536545,45.374912606693066,2.6277941471488788e-05
G12D,2e-07,2e-07,4e-11,43.80769447161709,56.192285435436794,2.009294610413108e-05,60.831528276882466,39.16845165170309,2.0071414452456e-05
G12D,2e-07,4e-07,4e-11,48.85101495503273,51.148970024356956,1.5020610307841372e-05,68.37603445376604,31.623952955395175,1.2590838778092613e-05
G12D,8e-07,4e-07,1e-10,40.41616859016765,59.58381051669058,2.0893141766835543e-05,55.06292743417244,44.93705164334723,2.0922480329593022e-05
G12D,8e-07,8e-07,1e-10,46.729228915649166,53.270756113301076,1.4971049748936342e-05,63.9515948365463,36.048392779822045,1.2383631669602504e-05
G12D,8e-07,1.6e-06,1e-10,52.313946482435504,47.68604348140678,1.003615772767251e-05,71.70299528331313,28.29699945259722,5.264089646185957e-06
G12V,4e-07,2e-07,6e-11,68.93274866237395,31.06724787601201,3.461614033089598e-06,87.06920149734991,12.930797429985418,1.0726646703935034e-06
G12V,4e-07,4e-07,6e-11,70.67021147661673,29.329785873921484,2.6494617874918028e-06,90.7134795820975,9.286519790526084,6.273764172841277e-07
G12V,4e-07,8e-07,6e-11,72.4765724905168,27.52342586757316,1.6419100414503731e-06,94.14931157397042,5.850688216560209,2.0946937233868658e-07
G12V,2e-07,1e-07,4e-11,67.01446946934337,32.98552706136371,3.4692929276353847e-06,86.91483764605873,13.085161235208412,1.1187328542166267e-06
G12V,2e-07,2e-07,4e-11,68.24706995570908,31.7529272420162,2.802274724649353e-06,90.13675050303489,9.863248777010698,7.199544122352523e-07
G12V,2e-07,4e-07,4e-11,69.543922502585,30.456075533020776,1.9643942256670053e-06,93.39972737439047,6.600272308875181,3.167343555158929e-07
G12V,8e-07,4e-07,1e-10,69.08185466449753,30.9181419195038,3.4159986685013675e-06,86.92132228431765,13.078676677708687,1.0379736540536292e-06
G12V,8e-07,8e-07,1e-10,71.3702622000383,28.629735294477936,2.5054837657706114e-06,90.95614907906716,9.043850363655123,5.572777112401366e-07
G12V,8e-07,1.6e-06,1e-10,73.7501177011409,26.249880912264683,1.3865944157170686e-06,94.55702026481714,5.442979601975804,1.3320705521394607e-07
WT,4e-07,2e-07,6e-11,6.430647367425242,93.56932790615876,2.4726416000260396e-05,6.430647367425153,93.56932790615883,2.4726416000260325e-05
WT,4e-07,4e-07,6e-11,7.879931559417906,92.12004443605709,2.400452502194042e-05,7.879931559417769,92.12004443605721,2.4004525021940453e-05
WT,4e-07,8e-07,6e-11,9.952191454822588,90.04778533876612,2.3206411287636572e-05,9.952191454823103,90.0477853387656,2.3206411287636595e-05
WT,2e-07,1e-07,4e-11,3.4031180752718257,96.59685673583114,2.5188897045979324e-05,3.403118075271823,96.59685673583114,2.5188897045979324e-05
WT,2e-07,2e-07,4e-11,4.585310720087634,95.41466450364561,2.4776266749946734e-05,4.585310720087454,95.4146645036458,2.4776266749946745e-05
WT,2e-07,4e-07,4e-11,6.462429970915762,93.53754586471752,2.416436672910171e-05,6.462429970915601,93.53754586471766,2.4164366729101738e-05
WT,8e-07,4e-07,1e-10,4.831272216820599,95.16870332272786,2.446045153296851e-05,4.8312722168206115,95.16870332272785,2.4460451532968458e-05
WT,8e-07,8e-07,1e-10,6.333308605739704,93.666667473224,2.3921036300860213e-05,6.333308605739721,93.66666747322398,2.3921036300860206e-05
WT,8e-07,1.6e-06,1e-10,8.432306585659564,91.5676701396037,2.327473672458335e-05,8.432306585659859,91.56767013960341,2.3274736724583287e-05
