variant,S_label,alpha_label,R_required_fold
G12D,S=7.7,alpha=1,0.38111808843201667
G12D,S=7.7,alpha=3,0.3443451325469073
G12D,S=7.7,alpha=10,0.3320715727954135
G12D,S=7.7,alpha=inf,0.32689938290012827
G12D,S=16,alpha=1,0.32644403544711514
G12D,S=16,alpha=3,0.310723917129638
G12D,S=16,alpha=10,0.3053338093612085
G12D,S=16,alpha=inf,0.303040970844766
G12D,S=182,alpha=1,0.28581891128164777
G12D,S=182,alpha=3,0.28456090662868216
G12D,S=182,alpha=10,0.28412134125264465
G12D,S=182,alpha=inf,0.28393303004620973
G12D,S=inf,alpha=1,0.2821406226693636
G12D,S=inf,alpha=3,0.2821406226693636
G12D,S=inf,alpha=10,0.2821406226693636
G12D,S=inf,alpha=inf,0.2821406226693636
G12V,S=7.7,alpha=1,3.438050084144285
G12V,S=7.7,alpha=3,2.8738358136519695
G12V,S=7.7,alpha=10,2.6803081218755915
G12V,S=7.7,alpha=inf,2.5978796176189562
G12V,S=16,alpha=1,2.417091157998991
G12V,S=16,alpha=3,2.180491102837674
G12V,S=16,alpha=10,2.098200067215293
G12V,S=16,alpha=inf,2.0630027880940083
G12V,S=182,alpha=1,1.6599910162179627
G12V,S=182,alpha=3,1.6413705991962615
G12V,S=182,alpha=10,1.6348554547412093
G12V,S=182,alpha=inf,1.6320636818343872
G12V,S=inf,alpha=1,1.5915169741477713
G12V,S=inf,alpha=3,1.5915169741477713
G12V,S=inf,alpha=10,1.5915169741477713
G12V,S=inf,alpha=inf,1.5915169741477713
