scenario,K_I_M,off_over_K_I,kinact_s,kon_M,k_obs_at_ref_off_s,ref_off_M,t90_off_alone_h,t90_best_full_h,best_on_M,time_speedup_x,t90_min_shield_h,shield_min_over_off_alone_x,shield_ever_reaches_criterion,off_alone_reaches_90pct_in_6h,fires_speedup_below_1p5x,fires_shield_faster,fires_off_alone_makes_6h
cuevas_dmso,6.000000000000003e-08,16.666666666666657,0.000594,9911.933333333332,0.000560377358490566,1e-06,7.752589419523458,4.2469205917139545,1e-05,1.8254613553757784,7.826317016245399,1.009510060798044,True,False,False,False,False
cuevas_dmso,8.806795605732428e-08,11.354867817632673,0.0008718727649675,9908.130085357425,0.000801303595160343,1e-06,7.583939316296374,4.051822516945479,1e-05,1.871735320236492,7.657977527731819,1.0097625005089836,True,False,False,False,False
cuevas_dmso,1.29266081401913e-07,7.735981389354633,0.0012797342058789,9905.538962674778,0.001133244172436482,1e-06,7.473970251134774,3.9305838968190736,1e-05,1.9014910881773257,7.5475517889470884,1.009845040231615,True,False,False,False,False
cuevas_dmso,1.73e-07,5.780346820809248,0.0017127,9904.138728323698,0.0014601023017902811,1e-06,7.415540205418238,3.8685895483003065,1e-05,1.9168588739728956,7.489823654962773,1.0100172674527825,True,False,False,False,False
cuevas_dmso,1.8973665961010286e-07,5.270462766947296,0.00187839293014,9903.773651341136,0.0015788308403941937,1e-06,7.400448785237508,3.8528066328861255,1e-05,1.920794239209938,7.4748466816729335,1.0100531600980518,True,False,False,False,False
cuevas_dmso,2.2e-07,4.545454545454545,0.002178,9903.254545454543,0.001785245901639344,1e-06,7.379462187907248,3.8307844507025512,1e-05,1.9263579778167583,7.453603859482302,1.010047029131276,True,False,False,False,False
cuevas_dmso,2.67e-07,3.745318352059925,0.0026433,9902.681647940077,0.002086266771902131,1e-06,7.356370980864781,3.806627129754225,1e-05,1.9325168266059578,7.430231629478136,1.0100403648491194,True,False,False,False,False
cuevas_dmso,2.784953300167671e-07,3.590724483386468,0.0027571037671659,9902.570958730104,0.002156522360648546,1e-06,7.351917935249027,3.801977359505381,1e-05,1.9337090256122609,7.425724381914233,1.0100390737920697,True,False,False,False,False
cuevas_dmso,3.06e-07,3.26797385620915,0.0030294,9902.339869281046,0.0023196018376722815,1e-06,7.342630150479289,3.792288329899589,1e-05,1.9362003918815174,7.416323610502333,1.0100363845805627,True,False,False,False,False
cuevas_dmso,4.087752414347767e-07,2.4463321127034496,0.0040468748902042,9901.751573792695,0.0028726192590399534,1e-06,7.319039236379943,3.768065837387878,1e-05,1.9423862406432084,7.392695145089857,1.0100636034773254,True,False,False,False,False
cuevas_dmso,6.000000000000003e-07,1.6666666666666659,0.00594,9901.193333333333,0.0037124999999999992,1e-06,7.296724701033875,3.745519638098592,1e-05,1.948120796594741,7.370634071839891,1.0101291159848123,True,False,False,False,False
cuevas_dmso,6.303030303030303e-07,1.5865384615384615,0.00624,9901.135961538464,0.0038275092936802973,1e-06,7.2944350149399,3.743210378346659,1e-05,1.9487109399824285,7.368370626946575,1.0101358928902988,True,False,False,False,False
cuevas_dmso,8.806795605732409e-07,1.1354867817632697,0.008718727649675,9900.813008535742,0.004635945342553458,1e-06,7.2815615299492995,3.7302369398947377,1e-05,1.9520372692879866,7.355642150292478,1.0101737271653177,True,False,False,False,False
cuevas_dmso,1.29266081401913e-06,0.7735981389354631,0.0127973420587893,9900.553896267478,0.005581873245504217,1e-06,7.271249290515437,3.719860710692537,1e-05,1.9547100969707354,7.345446028419662,1.0102041251702105,True,False,False,False,False
cuevas_dmso,1.8973665961010286e-06,0.5270462766947296,0.0187839293014001,9900.377365134114,0.00648310411484606,1e-06,7.26423200713716,3.7128080040985787,1e-05,1.956533168189186,7.338507557427536,1.0102248317808957,True,False,False,False,False
cuevas_dmso,2.784953300167665e-06,0.35907244833864754,0.0275710376716598,9900.25709587301,0.007284379881368276,1e-06,7.259455187764885,3.7080108379014263,1e-05,1.9577761514509011,7.333783950509405,1.0102388899472503,True,False,False,False,False
cuevas_dmso,4.087752414347767e-06,0.24463321127034496,0.0404687489020428,9900.175157379268,0.00795415059662072,1e-06,7.256202414404434,3.704746131195083,1e-05,1.9586233867160332,7.330567932440772,1.0102485451465235,True,False,False,False,False
cuevas_dmso,6e-06,0.16666666666666666,0.0594,9900.119333333332,0.008485714285714286,1e-06,7.253987307175286,3.702523547015838,1e-05,1.9592008572158464,7.328377415922765,1.0102550646420208,True,False,False,False,False
cuevas_cypa,6.000000000000003e-08,16.666666666666657,0.000594,9911.933333333332,0.000560377358490566,1e-06,6.83983283626955,4.2453549238683115,1e-05,1.6111333348866823,6.903209063592868,1.0092657567575707,True,False,False,False,False
cuevas_cypa,8.806795605732428e-08,11.354867817632673,0.0008718727649675,9908.130085357425,0.000801303595160343,1e-06,6.6674946882910335,4.050220338069302,1e-05,1.6462054238435233,6.7314910363238765,1.0095982600698923,True,True,False,False,True
cuevas_cypa,1.29266081401913e-07,7.735981389354633,0.0012797342058789,9905.538962674778,0.001133244172436482,1e-06,6.556114312618769,3.928997193535767,1e-05,1.6686482554391489,6.619895547064059,1.0097285116463768,True,True,False,False,True
cuevas_cypa,1.73e-07,5.780346820809248,0.0017127,9904.138728323698,0.0014601023017902811,1e-06,6.4974897545185915,3.8669651893033805,1e-05,1.68025555867212,6.561264438010966,1.0098152803470022,True,True,False,False,True
cuevas_cypa,1.8973665961010286e-07,5.270462766947296,0.00187839293014,9903.773651341136,0.0015788308403941937,1e-06,6.482479887259638,3.8512173009582353,1e-05,1.6832288029155635,6.546065892895652,1.0098089013374316,True,True,False,False,True
cuevas_cypa,2.2e-07,4.545454545454545,0.002178,9903.254545454543,0.001785245901639344,1e-06,6.461198118562102,3.8291823882075877,1e-05,1.6873571074755052,6.524566840785515,1.0098075807397646,True,True,False,False,True
cuevas_cypa,2.67e-07,3.745318352059925,0.0026433,9902.681647940077,0.002086266771902131,1e-06,6.437793679563123,3.805010979052723,1e-05,1.6919251258417773,6.501436156750481,1.0098857590589447,True,True,False,False,True
cuevas_cypa,2.784953300167671e-07,3.590724483386468,0.0027571037671659,9902.570958730104,0.002156522360648546,1e-06,6.433281716012408,3.8003586675061998,1e-05,1.6928090948410233,6.496976531506347,1.0099008279608528,True,True,False,False,True
cuevas_cypa,3.06e-07,3.26797385620915,0.0030294,9902.339869281046,0.0023196018376722815,1e-06,6.423872155629851,3.790664044168194,1e-05,1.694656155433441,6.487676416062044,1.0099323677194099,True,True,False,False,True
cuevas_cypa,4.087752414347767e-07,2.4463321127034496,0.0040468748902042,9901.751573792695,0.0028726192590399534,1e-06,6.399981192242615,3.7664708997163863,1e-05,1.6991983643692912,6.464061215854252,1.0100125331132703,True,True,False,False,True
cuevas_cypa,6.000000000000003e-07,1.6666666666666659,0.00594,9901.193333333333,0.0037124999999999992,1e-06,6.377713323447796,3.74391240402023,1e-05,1.7034889268775035,6.4417328935944855,1.010038013140434,True,True,False,False,True
cuevas_cypa,6.303030303030303e-07,1.5865384615384615,0.00624,9901.135961538464,0.0038275092936802973,1e-06,6.375450758947694,3.741601690019549,1e-05,1.7039362516736472,6.439442654855237,1.010037234750458,True,True,False,False,True
cuevas_cypa,8.806795605732409e-07,1.1354867817632697,0.008718727649675,9900.813008535742,0.004635945342553458,1e-06,6.362730979849577,3.7286211675159526,1e-05,1.706456809096671,6.4265656580026205,1.0100325910925994,True,True,False,False,True
cuevas_cypa,1.29266081401913e-06,0.7735981389354631,0.0127973420587893,9900.553896267478,0.005581873245504217,1e-06,6.352544266385348,3.7182392452184434,1e-05,1.708481850530342,6.416253121279083,1.010028872247432,True,True,False,False,True
cuevas_cypa,1.8973665961010286e-06,0.5270462766947296,0.0187839293014001,9900.377365134114,0.00648310411484606,1e-06,6.345613229540632,3.7111828045245345,1e-05,1.7098627482872306,6.409236624859491,1.010026358843094,True,True,False,False,True
cuevas_cypa,2.784953300167665e-06,0.35907244833864754,0.0275710376716598,9900.25709587301,0.007284379881368276,1e-06,6.340895642343844,3.7063830403509677,1e-05,1.710804191933548,6.404460938555267,1.010024655789466,True,True,False,False,True
cuevas_cypa,4.087752414347767e-06,0.24463321127034496,0.0404687489020428,9900.175157379268,0.00795415059662072,1e-06,6.33768377003473,3.7031165828612567,1e-05,1.7114459208135016,6.401209376260305,1.0100234736428364,True,True,False,False,True
cuevas_cypa,6e-06,0.16666666666666666,0.0594,9900.119333333332,0.008485714285714286,1e-06,6.335496390960453,3.7009151400964186,1e-05,1.7118729155177002,6.398995081554784,1.0100226859390105,True,True,False,False,True
